ship_id,year,ship_type,age,ism_score,crew_exp,k4k,dp_ops,weather_risk,failed_audit,mu,accidents
1,1,offshore,24,88.29178019453806,23.45523986130274,1,1,0,0,0.007962802247982577,0
1,2,offshore,18,57.23636231378744,14.169610944798066,1,1,0,0,0.033314810263125744,0
1,3,offshore,20,66.4910953062287,18.860092553357497,1,1,0,0,0.01983726650891537,0
1,4,offshore,6,94.0501786223754,12.681811671026923,1,1,1,0,0.025839606323706105,0
1,5,offshore,28,82.51034518676774,7.738536698580539,1,1,0,0,0.02317250305293973,0
2,1,container,3,83.64734482538363,23.873724328574877,0,0,0,0,0.002847416220167639,0
2,2,container,23,62.08136856005706,12.646716982631578,0,0,0,0,0.015840525007478876,0
2,3,container,15,94.55242325469185,4.362016365676577,0,0,0,0,0.006555600003779684,0
2,4,container,29,63.34295646415093,11.074740554710637,0,0,0,0,0.018486020078741318,0
2,5,container,8,81.58850947659666,20.099024066466427,0,0,1,0,0.013561111443021794,0
3,1,offshore,25,56.97687275274849,24.564181319452747,1,0,0,0,0.015415225142731914,0
3,2,offshore,5,73.5009467024662,19.47984527436666,1,0,0,0,0.007472501983960447,0
3,3,offshore,23,56.22588915880106,4.1858901338312755,0,1,1,0,0.26788416092949624,0
3,4,offshore,26,51.14078345369559,24.1035619522702,1,1,0,0,0.029448699822736513,0
3,5,offshore,22,82.1568165215028,16.84473704122555,1,1,0,1,0.02657656596313593,0
4,1,offshore,12,75.47167447223343,4.807514743419785,1,1,0,0,0.02492499051442108,0
4,2,offshore,5,71.33782230892963,3.3480198556240355,1,1,0,0,0.02693780001873509,0
4,3,offshore,5,89.90061742841215,7.261446960201135,1,1,0,1,0.023293196470958094,0
4,4,offshore,16,78.9088675192842,1.6362714529989235,1,1,0,1,0.05649382517021908,0
4,5,offshore,19,86.928776408478,16.02255208243775,1,1,0,0,0.010958555775881106,0
5,1,offshore,29,54.24993323401678,17.392162561992563,1,0,0,0,0.026295543803330983,0
5,2,offshore,4,81.18006614113727,9.360078506876736,1,1,1,0,0.04599115239261284,0
5,3,offshore,24,86.30756326702688,24.77212340801616,1,1,0,0,0.007991547289112477,0
5,4,offshore,17,80.59301509551106,18.757810250736988,1,1,0,0,0.011462825545581215,0
5,5,offshore,19,67.51407554303734,1.2601036355271606,1,1,1,0,0.15016841834389796,0
6,1,offshore,15,53.74779850378668,3.200899534203546,1,1,0,0,0.06134645305918857,0
6,2,offshore,21,72.24891371161617,2.381410240399463,1,1,0,0,0.03771179035436379,0
6,3,offshore,10,87.66337434068183,21.804848927460192,1,1,0,0,0.006681180748494742,0
6,4,offshore,29,53.81769713383363,24.679349884028213,1,1,0,0,0.027665008541472583,0
6,5,offshore,6,81.86815380124399,12.560007711138768,1,1,0,0,0.011993556057926447,0
7,1,offshore,18,71.08972888973568,2.3512786163640964,1,1,0,0,0.03704194195606761,0
7,2,offshore,28,62.85704388268373,21.846379076547045,0,1,0,1,0.05887636808981154,0
7,3,offshore,22,91.60894986006181,23.058777166687825,1,1,0,0,0.006948342733607362,0
7,4,offshore,1,78.24011360378286,15.023543486154406,1,1,1,0,0.03616797752339299,0
7,5,offshore,28,65.10470291586334,5.072317693493573,1,1,0,0,0.04869005463301674,0
8,1,offshore,27,81.41727713088854,13.866312792258888,1,1,0,0,0.01737156961603817,0
8,2,offshore,18,68.74875759823156,14.947902908339831,1,1,1,0,0.0711047127223287,0
8,3,offshore,22,86.47489988518248,24.694627103558666,1,1,0,0,0.007662991385524998,0
8,4,offshore,2,51.65698404361961,4.212450851215197,1,1,0,0,0.04838250565118867,0
8,5,offshore,23,84.60443368312298,23.67437751717827,1,1,0,0,0.00878355500897205,0
9,1,offshore,1,80.22653079826355,15.8350777709895,1,1,0,0,0.009757857057078757,0
9,2,offshore,12,86.73735808458781,24.23137037055575,1,1,0,0,0.006362231798391999,0
9,3,offshore,14,81.68358956446505,6.111139876213858,1,1,0,0,0.019555814330326524,0
9,4,offshore,2,65.67149601604851,13.335747739835458,1,1,0,0,0.0187738610262397,0
9,5,offshore,24,87.89411367584194,19.45402579156954,1,1,0,0,0.009862700453179692,0
10,1,offshore,11,53.413849764889875,4.093113325855581,1,1,0,0,0.054795872453092115,0
10,2,offshore,3,89.34429221844877,13.365665316741062,1,1,1,0,0.02772741917452788,0
10,3,offshore,22,53.991614019067505,3.8952609064144195,1,1,0,0,0.06757822008166062,0
10,4,offshore,25,71.65154273253319,17.50683321030599,1,0,0,0,0.013126191992474338,0
10,5,offshore,3,58.30344587103698,6.024383760081047,1,1,0,0,0.035727313685788374,0
11,1,offshore,14,56.6482591357802,4.194806286099478,1,0,0,0,0.03465097607960955,0
11,2,offshore,19,60.91117266356284,7.461837542785143,1,1,0,0,0.04179481791910247,0
11,3,offshore,17,65.43170889252171,12.375278594333349,1,1,0,0,0.026812857717037446,0
11,4,offshore,8,69.42467958033558,4.06192726709353,1,1,0,0,0.029511945993719226,0
11,5,offshore,5,92.01613206919436,1.1808247152177938,1,1,0,0,0.0145581273845623,0
12,1,bulk,24,90.35444410818914,2.925609895879413,1,0,0,0,0.009291214166915716,0
12,2,bulk,4,50.23850028789224,24.40161191068342,1,0,0,0,0.008665305448402648,0
12,3,bulk,13,84.62718199363715,5.489049965380561,0,0,0,0,0.010291840645219562,0
12,4,bulk,6,76.15571996401755,4.7047051665808555,0,0,0,0,0.012516775967313981,0
12,5,bulk,12,59.07787080486061,17.429717149116,0,0,0,0,0.013579264272175134,0
13,1,offshore,3,65.69907199443479,23.30869946194782,1,1,0,1,0.023402732430472677,0
13,2,offshore,3,91.69022406153701,18.31831721803065,1,1,0,0,0.00600553519181905,0
13,3,offshore,5,86.6558624104122,16.964733296708804,1,1,0,0,0.007977008207166814,0
13,4,offshore,14,90.4850350381478,15.978437060364103,1,1,0,0,0.008774565036459772,0
13,5,offshore,21,90.7912449934046,15.98171190193581,1,1,0,1,0.02010515217063536,0
14,1,offshore,29,72.29406318817846,18.79506186733709,1,1,0,1,0.039162120820748485,0
14,2,offshore,4,75.64503581920924,19.299008457776573,1,1,1,0,0.033961536418361686,0
14,3,offshore,24,72.60297563581386,13.956655290708081,1,0,0,0,0.014862159729578682,0
14,4,offshore,26,61.33095765081288,9.296703844094067,1,1,0,1,0.0870372831663851,0
14,5,offshore,12,91.03335839793341,4.338788659433485,1,1,0,0,0.014800312598729541,0
15,1,offshore,5,91.5124721529783,17.973727223521568,1,1,0,0,0.0063989402610993285,0
15,2,offshore,22,90.98087892150708,3.947458764297611,1,1,0,0,0.018468222981572968,0
15,3,offshore,19,76.60739460852182,10.576064892883126,1,0,0,0,0.013841803093691199,0
15,4,offshore,25,88.85831632758305,23.151045563163635,1,1,0,0,0.008086224455435012,0
15,5,offshore,22,57.93741439278005,12.960826545747514,1,1,0,1,0.07533195755909004,0
16,1,offshore,21,73.18281570830656,24.41299157638615,1,1,0,0,0.012130308438479166,0
16,2,offshore,13,67.8793151955919,11.242933728081987,1,1,0,0,0.02404272751832717,0
16,3,offshore,19,52.95688877427585,19.612662800680255,1,1,0,0,0.030073098417500044,0
16,4,offshore,1,65.0463265089717,2.8120807312933414,1,1,0,0,0.031833838079820403,1
16,5,offshore,7,79.65157738595681,1.6503038200836038,1,0,0,0,0.015293606717513343,0
17,1,offshore,3,89.93572171310763,14.361318034800785,1,1,0,0,0.0077829785913786625,0
17,2,offshore,20,80.06383114567907,5.919623089979703,0,1,0,0,0.03025132648878589,0
17,3,offshore,29,89.43998341438822,16.43021352674208,1,1,0,1,0.02418772282477695,0
17,4,offshore,23,62.06286383702943,15.979573788379216,1,1,0,0,0.028405317264546887,0
17,5,offshore,24,55.140706666417856,14.578638879197452,1,1,1,0,0.13148576590592997,0
18,1,offshore,2,78.50651989217663,7.189304450396855,1,1,0,0,0.01629017002975231,0
18,2,offshore,11,87.01627441602533,13.711880287721947,1,1,0,0,0.01044989217353058,0
18,3,offshore,21,50.494812289631625,4.285255121651375,1,1,1,0,0.2437575521950918,0
18,4,offshore,13,87.71481334302331,10.705156037176582,1,1,0,0,0.012335471947808027,0
18,5,offshore,19,61.04070993565944,10.343094737007437,1,1,0,0,0.03602365097900292,0
19,1,offshore,15,92.93391214428348,4.240030658108966,1,1,0,0,0.014776924683378514,0
19,2,offshore,27,76.85792820126002,9.021853379607059,1,1,0,0,0.02596203095936286,0
19,3,offshore,10,70.6856680742509,2.82240184887093,1,0,0,0,0.020960439001044134,0
19,4,offshore,27,91.27911089580093,4.283647142055074,1,1,1,0,0.06594387757609484,0
19,5,offshore,21,84.15661304924825,18.378479902555327,1,1,0,1,0.02249627696126351,0
20,1,offshore,26,51.77420651158277,17.933804140376523,1,1,1,0,0.1301864747822552,0
20,2,offshore,9,58.666956250353365,3.766768509934825,1,0,0,0,0.02984667325019494,0
20,3,offshore,7,51.665343562197165,15.310477083569273,1,1,0,0,0.030690231142455893,0
20,4,offshore,12,75.75924917450595,20.295447505621542,1,1,0,0,0.011374900102417004,0
20,5,offshore,2,51.09803517004421,21.882372973622317,1,1,0,0,0.020393279276690796,1
21,1,offshore,17,68.0868911124159,12.517014887293811,1,1,0,0,0.024260835581360614,0
21,2,offshore,5,82.95223132330904,1.0803126890315013,1,1,0,0,0.020093804791247085,0
21,3,offshore,21,94.44750753812141,11.266555209660696,1,1,0,0,0.01112021646227447,0
21,4,offshore,6,94.20487317860366,22.22077547515607,1,1,0,1,0.009675006821432363,0
21,5,offshore,29,79.23409920465659,15.585683077092618,1,1,0,0,0.017908539264305905,0
22,1,offshore,6,86.03463592084438,16.114670151907674,1,1,0,0,0.008678159909079176,0
22,2,offshore,18,81.32092781242065,4.693501752156521,1,1,0,0,0.023031151623376774,0
22,3,offshore,2,70.58444439981683,10.388074385929116,0,1,0,0,0.023521055663892714,0
22,4,offshore,25,74.78858167741127,3.0876822378738433,1,1,0,0,0.03608115866230542,0
22,5,offshore,28,54.926098702450425,22.467518343233618,1,1,1,0,0.09673409322044381,0
23,1,offshore,8,80.51072686515786,14.577567135898985,1,1,0,0,0.011834292748996611,0
23,2,offshore,9,65.03039954353571,6.72856075122442,1,1,1,0,0.1020296296021787,1
23,3,offshore,23,50.231532683962165,20.678726017794403,0,1,0,1,0.08785742535367698,0
23,4,offshore,2,62.916715992871076,15.806246041017813,1,1,1,0,0.06066445351254192,0
23,5,offshore,6,62.750432671951174,1.4422652497172193,1,1,0,0,0.040828357346050725,0
24,1,offshore,20,80.9548575035366,2.6280894185241257,1,1,0,0,0.026921649995013487,0
24,2,offshore,27,88.35865966393914,24.76356094601553,1,1,0,0,0.00790127503624951,0
24,3,offshore,1,64.56245986172935,12.727436569711978,1,1,0,0,0.01972126224190041,0
24,4,offshore,13,88.43943985077047,13.64857830908469,1,1,0,0,0.010380675666706623,0
24,5,offshore,3,92.78886030126847,4.625389402741606,1,1,0,1,0.02307790573875195,0
25,1,offshore,3,64.03783957228087,8.69782577051506,1,1,0,0,0.025573063881824395,0
25,2,offshore,12,71.29444580112008,24.23664226995332,1,1,0,0,0.01092023578858891,0
25,3,offshore,3,85.85590225388124,8.06003136024347,1,1,1,1,0.08225277536240153,0
25,4,offshore,12,61.13929800215188,14.40190414199675,1,1,0,0,0.025477218018788484,0
25,5,offshore,13,56.73112892004046,12.150366319259444,1,1,0,0,0.033941805350949816,0
26,1,offshore,28,85.09329450020074,1.9508518083605715,1,1,0,0,0.02827413364055035,0
26,2,offshore,22,59.46573109634909,9.304397623476149,1,1,0,1,0.08573274226754497,0
26,3,offshore,13,53.536032371975935,10.526158628838306,1,1,0,0,0.04116902752418054,0
26,4,offshore,17,92.81974884598972,3.9812792014734244,1,1,1,0,0.051935372511306345,0
26,5,offshore,8,82.13391194595926,20.241473993675005,1,1,0,0,0.008423240916883344,0
27,1,offshore,26,71.64067241520432,1.9780985462193463,1,1,0,0,0.04344200443358284,0
27,2,offshore,19,59.86462943111199,24.42076613965915,1,1,0,0,0.01856828359008071,0
27,3,offshore,18,79.39683586567986,8.975551008522615,1,1,0,0,0.019887441920496667,0
27,4,offshore,15,61.59572998300462,12.102950961743591,1,1,1,0,0.09916222857889229,0
27,5,offshore,20,72.7180196851858,14.039212560718921,0,1,0,0,0.0260668387875602,0
28,1,offshore,4,68.9774417093055,7.643867133641238,1,1,0,1,0.0465883943799898,0
28,2,offshore,3,84.92000931659433,10.72744439405784,1,1,0,0,0.011124865445564507,0
28,3,offshore,9,61.125398348142966,21.897997630540274,1,1,0,0,0.016501750319829527,0
28,4,offshore,25,67.95706757617,21.591670094144938,1,1,0,0,0.01816822899646881,0
28,5,offshore,10,53.30735362985057,5.074189722100978,1,1,0,0,0.0513306693095849,0
29,1,offshore,1,61.36375019339387,9.622017949989893,1,1,0,0,0.025762581886166296,0
29,2,offshore,24,76.34094639785386,21.838510732318205,1,0,0,0,0.008792478309591687,0
29,3,offshore,29,78.80013350766112,6.39282824734432,1,1,0,0,0.028792334653377796,0
29,4,offshore,18,93.43034133962205,1.1185595424258308,1,1,1,0,0.05984544696295291,0
29,5,offshore,12,73.95102449718345,4.017796283359572,1,1,0,0,0.02734625545455901,0
30,1,offshore,23,80.26709532013068,11.650005263309708,1,1,1,0,0.061923928969117,0
30,2,offshore,18,60.98662806900684,20.941052592200933,1,1,1,0,0.06914257430044102,0
30,3,offshore,16,87.20774976703449,17.007316407781776,1,1,0,0,0.009729069083476566,0
30,4,offshore,25,89.18390526517666,19.777251617398562,1,1,0,0,0.009463629843273336,0
30,5,offshore,6,90.56190423147999,22.06938781699186,1,1,0,0,0.005499291358513744,0
31,1,offshore,1,66.4907690692129,10.50814459862213,1,1,0,0,0.020597529298336782,0
31,2,offshore,26,76.41777684655179,5.0426652434252714,1,1,0,0,0.03153190300720946,0
31,3,offshore,28,51.15389296128961,9.189947863027752,1,1,0,0,0.0645778602969749,0
31,4,offshore,6,83.60940722611201,18.171781770382587,1,1,0,0,0.008523584237657434,0
31,5,offshore,4,91.71655451583379,2.4464173669494604,1,1,1,0,0.04494120152396082,0
32,1,offshore,27,91.83226448398952,13.774245120136964,1,1,0,0,0.01212068825852252,0
32,2,offshore,11,55.54501943774747,21.62597903873414,1,1,0,0,0.021165672480966236,0
32,3,offshore,20,71.7595541023966,20.343821194603795,1,1,0,0,0.015317252778316972,0
32,4,offshore,22,76.70923561054163,20.04985240913239,1,1,0,0,0.013605027753158281,0
32,5,offshore,27,85.12364818597379,7.595344853155266,1,1,0,0,0.02087725627268675,0
33,1,offshore,18,56.884271037285316,6.645654035247635,1,1,1,0,0.16312602978491825,0
33,2,offshore,7,74.60138357213316,6.56673030678341,1,1,0,0,0.02129282877119873,0
33,3,offshore,3,69.92226350507872,11.698981949853495,1,1,0,0,0.01791300452444358,0
33,4,offshore,7,84.76802273522222,7.357490733681602,1,1,0,0,0.014339241597442763,0
33,5,offshore,13,73.35769059087217,2.6227015262131577,1,1,0,0,0.030541946443427174,0
34,1,tanker,29,70.55863901961659,5.567796707657627,0,1,0,0,0.03808471718518863,0
34,2,tanker,22,75.30335671450594,23.983006828129124,0,0,0,0,0.007485646991663272,0
34,3,tanker,16,50.055650589173425,8.220474600478122,0,0,1,0,0.11730575050104917,0
34,4,tanker,20,91.71504355659329,13.95897112673343,1,0,0,0,0.005205835449230262,0
34,5,tanker,16,72.80772943192171,4.823296494855527,0,0,0,0,0.018884092936665008,0
35,1,bulk,25,74.92110083205694,8.332583455792566,0,0,0,0,0.015940891130021142,0
35,2,bulk,22,75.49589129771384,10.385026313396185,0,0,0,0,0.013278521007012874,0
35,3,bulk,14,86.26664300529295,19.960730471369473,0,0,0,0,0.00480850512133417,0
35,4,bulk,20,75.78686430188822,23.385537771430116,0,0,0,0,0.00659253626280021,0
35,5,bulk,14,57.867738226718565,13.061585835122617,0,0,0,0,0.018344047762981652,0
36,1,offshore,4,53.59844274616859,19.641367131320624,1,1,0,0,0.021752776972912474,0
36,2,offshore,29,50.795951432596574,15.461275932228759,1,1,0,0,0.0487562396575978,0
36,3,offshore,18,52.6001252448365,17.680845492605275,1,1,1,0,0.10914842146082669,0
36,4,offshore,16,81.12281250061937,15.833240182892464,1,1,0,0,0.012766120581592301,0
36,5,offshore,6,69.17375227506672,4.137049041764787,1,1,1,0,0.09461551767892533,0
37,1,offshore,5,67.4185442151034,24.131734611576423,1,1,0,0,0.010930089612008063,0
37,2,offshore,24,74.08895591536663,6.1648449284137,1,1,0,0,0.031074873777548088,0
37,3,offshore,3,61.963301149444106,16.506162963100195,1,1,0,0,0.01861060520596909,0
37,4,offshore,18,71.42081582159449,10.021318843498463,1,1,0,0,0.024952169767645332,0
37,5,offshore,9,92.42740136359677,20.413203079271874,1,1,0,0,0.0059425365883254795,0
38,1,offshore,23,79.67092649926022,22.482825776956872,1,1,0,0,0.01107988788582603,0
38,2,offshore,1,69.94728893496281,2.147939689458531,1,1,0,0,0.027721358520185323,0
38,3,offshore,20,83.1878761756553,9.47803380404954,1,1,0,0,0.017677239756155337,0
38,4,offshore,5,74.73272196735161,20.93282695371616,1,1,0,0,0.009929088312766881,0
38,5,offshore,8,78.10986059844187,10.1665513516695,1,1,0,0,0.016047973669002687,0
39,1,offshore,18,64.49969765500828,4.005605690387851,1,1,0,0,0.04294780651821694,0
39,2,offshore,2,55.764308586479004,9.118420143867962,1,1,1,0,0.10886226629892959,0
39,3,offshore,22,62.320608838134795,23.279620788365847,0,1,0,0,0.02459524004792438,0
39,4,offshore,7,88.0931452410625,23.054236807349305,1,1,0,0,0.005822812283029717,0
39,5,offshore,12,52.42361931491118,8.681435980503604,1,1,0,0,0.046009909809799736,0
40,1,offshore,20,86.80033984356253,6.124272791456126,1,1,0,0,0.01842170787210947,0
40,2,offshore,22,75.42598967865572,17.533247249202176,1,1,1,0,0.053580397224979565,0
40,3,offshore,1,83.37704276808185,22.154818712200512,1,1,0,0,0.006371391212784804,0
40,4,offshore,14,77.71934526170806,5.512593630769987,1,0,0,0,0.01551719111138085,0
40,5,offshore,17,50.49642264181096,18.989091627253316,1,1,0,0,0.032489790618059976,0
41,1,offshore,26,66.57392887280818,11.766655142909022,1,1,0,0,0.03179582561778146,0
41,2,offshore,21,51.308212115477914,5.005242828516902,1,1,0,0,0.06883454410728117,0
41,3,offshore,5,76.0992704342659,14.475630111028568,1,1,0,0,0.013072349943611002,0
41,4,offshore,17,78.64207929721194,4.575993667581843,1,1,0,0,0.024940246407138728,0
41,5,offshore,13,56.63536370178278,8.876626086623478,1,1,0,0,0.04011242934801428,1
42,1,offshore,13,57.80660334196808,16.301278347285514,1,1,0,0,0.026561432154892786,0
42,2,offshore,26,76.44962123879893,5.4274300752073446,0,0,0,0,0.026592973635792785,0
42,3,offshore,17,91.83276152940579,19.78196655643211,1,1,0,0,0.0073486035180692615,0
42,4,offshore,21,70.61840990320516,12.591252930048526,1,1,0,0,0.0239638941187951,0
42,5,offshore,6,52.57761129849305,6.405368854443754,1,1,0,0,0.045479898667505556,0
43,1,offshore,10,62.69841836119401,7.280936409661743,1,1,0,1,0.0666372556879401,0
43,2,offshore,13,62.0662559042981,4.753163305682751,1,1,1,0,0.13533837948149535,0
43,3,offshore,27,65.63044968164792,22.596000296494537,1,1,0,0,0.019509265865481146,0
43,4,offshore,12,85.44708569874689,15.986210715321473,1,1,0,1,0.020242750789565916,0
43,5,offshore,19,93.74023983341917,15.604654544715197,1,1,0,0,0.008816404709233802,0
44,1,tanker,23,74.52974877173149,24.532403728026544,0,0,0,0,0.007633862064387062,0
44,2,tanker,14,70.62352886878955,12.632710891121128,1,0,0,1,0.020786343820997706,0
44,3,tanker,29,83.71776707130994,7.974101435352522,0,1,0,0,0.021304713934716966,0
44,4,tanker,7,89.24610650101144,14.076346218028377,0,0,0,0,0.0055863394884185106,0
44,5,tanker,14,60.745829512169266,11.829744260343714,0,0,1,0,0.0647260684503759,0
45,1,offshore,1,67.58277645261259,20.16026051738388,1,1,0,0,0.012235543005960286,0
45,2,offshore,12,73.54983340376336,7.891310994029813,1,1,0,0,0.022849873018531978,0
45,3,offshore,8,73.40857354631996,11.742470567685206,1,1,0,0,0.01748479553092957,0
45,4,offshore,6,56.33201876219413,5.848376041659759,1,1,0,0,0.041005894317894205,0
45,5,offshore,22,88.55932712337923,3.8234557158238047,1,1,0,0,0.020226751175079275,0
46,1,offshore,2,57.467970288310326,22.166266199311455,0,1,0,0,0.020657181036873633,0
46,2,offshore,2,59.43888264576566,10.096651029258338,1,1,1,0,0.0911550438147546,0
46,3,offshore,25,71.20255545197665,20.71928554505132,1,1,0,0,0.016940404391195693,0
46,4,offshore,21,55.082444378502814,3.092307227963948,1,1,0,0,0.06637061174695683,0
46,5,offshore,23,77.94178553652941,9.456998718631706,1,1,0,0,0.022577251967864552,0
47,1,offshore,2,64.17138148758355,1.0916112189843314,1,1,0,0,0.03649504018334919,0
47,2,offshore,3,81.2367758079424,13.30371407548127,0,1,0,0,0.01428603407496939,0
47,3,offshore,12,60.47434161955799,20.377504728158833,1,1,0,0,0.019341984305808815,0
47,4,offshore,2,70.11749947128914,12.048598508846231,1,1,1,0,0.05689530770240409,0
47,5,offshore,25,68.96498187106613,1.6522003861802599,1,1,1,0,0.15780670439756245,0
48,1,offshore,28,50.81029500202045,24.107448569776622,1,1,0,0,0.03100109496839832,0
48,2,offshore,6,55.411125193025406,2.6401824527742495,1,1,0,0,0.04971748959840484,0
48,3,offshore,9,63.49636001781431,18.83663676955848,1,1,0,1,0.03564293105711103,0
48,4,offshore,23,73.90924342556266,21.115652405246188,1,1,0,0,0.014514514355798615,0
48,5,offshore,16,87.41180814735694,15.375484196253053,1,1,0,0,0.010481038673116177,0
49,1,offshore,1,51.131388122477276,17.66681094713701,1,1,0,1,0.04964095245192535,0
49,2,offshore,22,77.31903104234394,16.15138127420773,1,1,0,0,0.0161839519161818,0
49,3,offshore,13,93.68447929136524,7.304215422367641,1,1,0,0,0.011864938809721663,0
49,4,offshore,18,66.28338919423123,12.339840520156326,1,1,0,0,0.026598228908300443,0
49,5,offshore,8,71.13846933458078,11.739235391738987,1,1,0,0,0.018933769668877495,0
50,1,offshore,20,54.861158935881114,9.132655584130038,1,1,0,0,0.04847178795374302,0
50,2,offshore,5,62.805303579330385,20.636960049957942,1,0,0,0,0.010254551452862437,0
50,3,offshore,11,55.91701039540917,7.593556612468468,1,1,0,0,0.04213935425762839,0
50,4,offshore,16,63.352743849684046,18.242301515649647,1,0,1,0,0.04691296931497749,0
50,5,offshore,17,77.17079538272245,17.478157923822565,1,1,0,0,0.013775195459775881,0
51,1,bulk,20,90.5144570633422,10.701753511461021,0,0,0,0,0.007423581377700764,0
51,2,bulk,13,50.45590328124845,16.266305113829013,1,0,1,0,0.051340679386920315,0
51,3,bulk,6,87.3057979645471,24.790317441607197,0,0,0,0,0.0031035185318950592,0
51,4,bulk,5,55.535148280568556,14.40741751481021,0,0,0,0,0.015543681372197096,0
51,5,bulk,3,53.49265901291484,14.020824844774035,0,0,1,0,0.054297108295288346,0
52,1,offshore,9,69.39433492309833,8.652803639707333,1,1,0,0,0.023958265393320577,0
52,2,offshore,24,57.45327561627194,16.497772242294694,1,1,0,0,0.03318181617477494,0
52,3,offshore,3,65.32718749615813,2.721085332343624,1,1,0,0,0.032958508427571476,0
52,4,offshore,12,75.1859800177073,3.526220444728297,1,1,0,1,0.05405137353825465,0
52,5,offshore,26,51.75482056587102,1.7429389820642447,0,1,0,0,0.11320378595856218,0
53,1,tanker,5,87.59661063720475,9.889527670607356,0,1,0,0,0.010458316750255103,0
53,2,tanker,27,93.25109684334168,10.347565477658089,0,0,0,0,0.008728457071593157,0
53,3,tanker,22,61.11083420004135,21.125181157667875,1,0,0,0,0.011052062079657617,0
53,4,tanker,21,93.48878236398832,14.385011830001055,0,0,0,0,0.006273894566152827,0
53,5,tanker,19,85.20747482570393,18.629870154913917,1,0,0,0,0.005073343929363166,0
54,1,offshore,5,71.3995716869072,14.032590014983917,1,1,0,1,0.031726134366396035,0
54,2,offshore,21,83.56370173821554,14.183739505676176,1,0,0,0,0.009429459169320874,0
54,3,offshore,26,94.14443201732084,12.601778463355519,1,1,1,0,0.03857526373659145,0
54,4,offshore,15,77.25898864125755,23.049633054553055,1,1,0,0,0.009986248771654924,0
54,5,offshore,15,75.8088028155008,23.945131446686396,1,1,0,0,0.01004616136795813,0
55,1,offshore,19,64.03545860019263,7.145141562518903,1,1,0,1,0.0766505782905307,1
55,2,offshore,3,81.16395941916986,4.2264431057949245,1,1,0,0,0.017561246028308133,0
55,3,offshore,15,94.57457147465601,5.81562441769027,0,0,1,0,0.03685031093605917,0
55,4,offshore,15,56.428262928537734,19.08227013416726,1,1,0,0,0.02524561733524851,0
55,5,offshore,9,82.54172689090834,7.728027058996502,1,1,0,0,0.01583770492595746,0
56,1,tanker,2,50.273993670792755,3.4225887994605158,0,0,1,0,0.11183628496571282,0
56,2,tanker,2,53.28058259155566,10.66895878318329,0,0,0,0,0.021104513954999994,0
56,3,tanker,27,50.99121145507176,14.998179818946774,0,0,0,0,0.030360848105690147,0
56,4,tanker,25,55.531430530942444,22.32781792636957,0,0,0,0,0.017249174962637667,0
56,5,tanker,14,70.84277225381038,6.631682602620384,0,0,0,0,0.017755123461112597,0
57,1,offshore,12,72.3512940268076,7.822578230260401,1,1,0,0,0.023910820008960432,0
57,2,offshore,26,85.23574867925298,18.160929252416413,1,1,0,0,0.012018625993971709,0
57,3,offshore,29,91.88993174273638,20.84115183834444,1,1,0,0,0.008842326989086833,0
57,4,offshore,19,90.94744147344764,10.055633295116628,1,1,1,0,0.042598249575564635,0
57,5,offshore,24,80.41314859089513,4.338780373386101,1,1,0,0,0.027285517301036132,0
58,1,offshore,25,63.41234938877494,3.5287581340205554,0,1,0,0,0.06748363632499746,0
58,2,offshore,9,71.41854789552451,3.663460590043554,0,1,0,0,0.03677922225688762,0
58,3,offshore,4,88.2656600503953,6.0878573127677935,1,1,0,0,0.012731309971801143,0
58,4,offshore,2,67.76304592301727,23.339375135595755,1,0,0,0,0.007092798084150514,0
58,5,offshore,1,90.05967511862784,7.8978303151739135,1,1,0,0,0.010285911404170537,0
59,1,offshore,14,60.88499975993657,22.865648866417207,1,0,0,0,0.011745824832775526,0
59,2,offshore,12,76.78092537075567,1.2381717070680551,1,1,0,1,0.05731224528293148,0
59,3,offshore,15,59.89124069704355,4.15643840599307,1,1,1,0,0.15660707076382535,0
59,4,offshore,7,50.7898563514983,8.039406658733553,1,1,0,0,0.045519462135441176,0
59,5,offshore,4,74.67719162880442,22.102122756313232,1,1,0,0,0.009197644642507993,0
60,1,offshore,27,63.631207797493666,2.5766766149047786,1,1,0,0,0.05693038327463773,0
60,2,offshore,26,94.55940021144296,6.739810666773833,1,1,0,0,0.015351078593512257,0
60,3,offshore,26,58.81248878604215,4.379270773424226,1,1,0,0,0.060361690037251566,0
60,4,offshore,15,57.3746460701217,16.427653955204182,1,1,0,1,0.05616310062584484,0
60,5,offshore,14,52.799145177411624,4.535273062695288,1,1,0,0,0.05814974795944818,0
61,1,offshore,15,65.9420494178471,23.777708711556254,1,1,1,0,0.04750799980368182,0
61,2,offshore,3,57.45874009190702,11.692999329805382,1,1,0,0,0.027717096065026894,0
61,3,offshore,28,79.6601194011287,3.613439535544938,1,1,0,0,0.03146825069706352,0
61,4,offshore,5,69.66481485495294,15.245462449090862,1,1,0,0,0.015755880120860433,0
61,5,offshore,2,81.42400207524078,10.484942231439284,1,1,1,1,0.08340165011968864,0
62,1,offshore,1,70.62055926767752,19.75237217474575,1,1,1,0,0.037278512783535715,0
62,2,offshore,28,91.67873307943019,6.4882427104866105,1,1,0,0,0.01789618364056584,0
62,3,offshore,5,61.06133476877689,10.666345563094044,1,1,1,0,0.08888036783853988,1
62,4,offshore,25,84.24535655729264,9.921377593656239,1,1,0,0,0.01841377304753069,0
62,5,offshore,18,94.65990302186506,10.271756153835181,1,1,0,0,0.010925187087239045,0
63,1,offshore,23,72.76810584807193,6.300466791112214,1,1,0,0,0.031685153734995815,0
63,2,offshore,5,82.3621953625056,14.51979140879312,1,1,0,0,0.010476020367556632,0
63,3,offshore,26,90.16512023689135,11.066751854975525,1,1,0,0,0.014420322234151227,0
63,4,offshore,19,76.7211116364327,1.7874309790866025,1,1,0,0,0.03191719276490979,0
63,5,offshore,27,87.61216675597322,8.97258479477451,1,1,0,0,0.01786244033092504,0
64,1,offshore,24,63.05131371420077,23.344239301247196,1,1,0,0,0.019370423365106106,0
64,2,offshore,25,93.78851733375498,6.427007949992126,1,0,0,0,0.010525561999827676,0
64,3,offshore,6,82.92761314538959,16.375254227262076,1,1,0,0,0.00954985630259171,0
64,4,offshore,19,58.17262854904712,9.902584195786364,1,1,1,0,0.1351768701196038,0
64,5,offshore,17,67.13103565223896,10.94727317294424,1,1,0,0,0.02713448348995193,0
65,1,offshore,22,61.939676189996014,15.437293103195778,1,1,0,0,0.028731726270388707,0
65,2,offshore,4,93.75889995680464,11.771527497918544,1,1,0,0,0.007905963954442584,0
65,3,offshore,29,88.77609067043053,7.577718144212584,1,1,0,0,0.01913858009974064,0
65,4,offshore,17,82.71755427269255,14.489747065661707,1,1,1,0,0.04373521120920177,0
65,5,offshore,18,50.722783924145276,19.77211031418991,1,1,0,0,0.031621976126651345,0
66,1,offshore,29,86.77076639070134,14.114327585868335,1,1,1,0,0.04915910486926083,0
66,2,offshore,3,92.8610202509531,6.441457175919118,1,1,1,0,0.03465862843095713,0
66,3,offshore,25,85.85066287361175,7.0112295710199755,1,1,0,0,0.020134214862083725,0
66,4,offshore,28,58.411149827380775,1.4750958003341053,1,1,0,0,0.07367107443412817,0
66,5,offshore,5,53.07589401394814,19.810236219618574,1,1,0,0,0.022411790399697505,0
67,1,offshore,4,94.19222916571832,19.836683751013126,1,1,0,0,0.0052027798570028075,0
67,2,offshore,24,62.43435988096341,11.368454262268145,1,1,1,0,0.11959726460209157,0
67,3,offshore,9,83.20482431755727,17.909306272658686,1,1,0,0,0.009300992493857626,0
67,4,offshore,16,78.38152120214532,14.190550444738161,1,1,0,0,0.015254499590838152,0
67,5,offshore,9,54.143014373711395,15.377070091609157,1,0,0,0,0.019568013548437117,0
68,1,offshore,10,70.28089137225109,17.12934493005408,1,0,0,0,0.010396371327543322,0
68,2,offshore,25,56.9672875668974,23.67367021079391,1,1,0,0,0.024051965134816347,0
68,3,offshore,28,78.23689573029257,10.254724308775554,1,1,1,0,0.07878540098272283,0
68,4,offshore,6,93.96531294975246,3.445434420950483,1,1,0,0,0.012387620221731325,0
68,5,offshore,15,86.77635401150695,13.305433462282625,1,1,0,1,0.023460337175171816,0
69,1,offshore,13,54.112616884929935,5.7824880752032195,0,1,1,0,0.21804234439031542,0
69,2,offshore,16,91.00257283310356,9.516659937907548,1,1,0,0,0.012389288057442239,0
69,3,offshore,18,86.22906433230483,20.75161132100242,1,1,1,0,0.028851369494321398,0
69,4,offshore,14,63.11730834156753,19.49782074173324,1,1,0,0,0.01917789761294186,0
69,5,offshore,5,79.9908371387076,19.89728864205599,1,1,0,0,0.008699030189924645,0
70,1,bulk,28,56.497443446015026,19.81569660854453,0,0,0,0,0.018166149195506676,0
70,2,bulk,7,52.527923480634755,12.786297505195964,0,0,1,0,0.0647130629799798,0
70,3,bulk,6,55.034627744710576,13.394185317246665,0,0,0,1,0.034186609833113266,0
70,4,bulk,4,63.013435083317745,8.435365007739255,0,0,0,0,0.015808010428122778,0
70,5,bulk,25,87.26525730528542,6.1854427898743936,0,0,0,0,0.011521318868220682,0
71,1,offshore,17,54.61555831626154,10.42553783851399,1,1,0,0,0.04316085050196139,0
71,2,offshore,23,70.78295665737997,10.948385555603014,1,1,0,0,0.02692169637463656,0
71,3,offshore,16,55.2898085067599,4.966827763430978,1,1,0,0,0.05428622942749735,0
71,4,offshore,17,68.63904165073237,18.577932755504044,1,1,1,0,0.05835191535260655,0
71,5,offshore,11,61.0408541374795,2.385571821402813,1,1,0,0,0.04569764629125666,0
72,1,offshore,15,83.92392832266162,21.91524211303681,1,1,0,0,0.008370015045387797,0
72,2,offshore,1,78.41385145482694,13.780097593983562,1,1,0,0,0.011522084653065142,0
72,3,offshore,7,55.14285964990908,19.355223339022654,1,1,0,0,0.02219781863318948,0
72,4,offshore,27,71.3414759439629,14.456279078534799,1,0,0,0,0.01608664889875881,0
72,5,offshore,1,70.92748617352899,21.980096371768624,1,1,0,0,0.009937231336757935,0
73,1,offshore,9,89.71519445475562,12.191434147364083,1,1,0,0,0.009856703338475145,0
73,2,offshore,22,71.56670404615419,5.361359037475756,1,1,0,0,0.03394877210123177,0
73,3,offshore,22,69.50625047400355,24.93237649367081,1,1,0,0,0.013714006566899717,0
73,4,offshore,4,70.89073338826512,18.345706053731313,0,1,0,0,0.016269534464614203,0
73,5,offshore,28,78.43949061782851,3.288918454553407,1,1,0,0,0.03337900750707978,0
74,1,offshore,7,80.48630366705628,19.204045141993376,1,1,0,0,0.009212234094422221,0
74,2,offshore,6,83.74900093034319,22.797483728807748,1,1,0,0,0.0067306118946696605,0
74,3,offshore,10,63.81070309375565,10.959309169601877,1,1,0,0,0.026480674749496023,0
74,4,offshore,12,82.59549828482929,18.898081097827024,1,1,0,0,0.00960235887197914,0
74,5,offshore,17,62.2375717738302,17.616614139065394,1,1,0,1,0.04646082851010159,0
75,1,offshore,26,62.530589586810784,16.71301780855118,1,1,0,0,0.028603633437227563,1
75,2,offshore,26,81.45269728193236,9.840333131064432,1,0,0,0,0.013941837583576273,0
75,3,offshore,5,78.3517945315992,21.594889462026487,1,1,0,0,0.008462951562893312,0
75,4,offshore,13,87.14370488557766,21.276912346125496,1,1,0,0,0.007417781258372235,0
75,5,offshore,27,86.29992738620675,21.5925585041735,0,1,1,0,0.042420421916495435,0
76,1,offshore,27,88.21305524757669,10.744283240946654,1,0,0,0,0.01073043593256302,0
76,2,offshore,17,84.3036181025432,1.9345124005039747,1,1,0,0,0.023345471502443073,0
76,3,offshore,25,53.119774867449415,16.31973375500384,1,1,0,0,0.03974867355552429,0
76,4,offshore,11,91.81127840069583,9.205726674531768,1,1,0,0,0.011068178631286004,0
76,5,offshore,20,92.29693063864201,13.096090326311824,1,1,1,0,0.03560756767167192,0
77,1,offshore,12,72.51617507970023,17.581215437219747,1,1,0,0,0.014594261147200457,0
77,2,offshore,15,59.18749516257093,2.016214690537212,1,0,0,0,0.03606714044226996,0
77,3,offshore,27,81.48378063299548,21.11571939972742,1,1,0,1,0.024289325811910498,0
77,4,offshore,5,87.52063779134723,16.421862647767217,1,1,0,0,0.007952130052384244,0
77,5,offshore,26,53.8054420143757,15.56432693296334,1,1,1,0,0.13650325518240575,1
78,1,offshore,21,86.00330444345906,22.229999030108505,1,1,0,0,0.008637728748748224,0
78,2,offshore,15,88.13245687571182,2.4974576463586535,1,1,0,0,0.019072479001800213,0
78,3,offshore,19,74.83447113895335,19.945826125926054,1,0,0,0,0.009218916208945193,0
78,4,offshore,15,56.62740035984409,24.35384314989516,1,1,0,1,0.038787735794519225,0
78,5,offshore,8,59.88680556761302,1.492499553503805,1,1,0,0,0.04685661089625176,0
79,1,offshore,4,56.611486561269686,9.223483516540517,1,1,1,0,0.10941840082470784,0
79,2,offshore,5,71.53232523151829,19.73334464529313,0,1,0,0,0.015141762634857376,0
79,3,offshore,10,87.00715450334094,2.3674894479368387,1,1,0,0,0.018067782845193024,0
79,4,offshore,15,58.96606794837413,2.079074598197227,1,1,0,0,0.05405430399956835,0
79,5,offshore,13,83.3738653326219,12.821657698079143,1,1,0,0,0.012917553301037483,0
80,1,offshore,4,68.7265415438273,13.33241762983835,1,1,1,0,0.05830602562218833,0
80,2,offshore,14,79.01353618595684,6.515841419142842,1,1,0,0,0.021041347731895917,0
80,3,offshore,3,59.84194101456124,5.388106716851611,1,1,0,0,0.03494872570953689,0
80,4,offshore,14,61.375929980709785,23.5334790409906,1,1,1,0,0.05530834368948156,1
80,5,offshore,21,89.33322979873333,6.992054865765524,1,1,0,0,0.016469159204058302,0
81,1,offshore,22,61.941655022088895,14.304099384168277,1,1,0,0,0.030404553518882924,0
81,2,offshore,27,60.716599414956335,22.802429245105007,1,1,0,0,0.0229324476864806,0
81,3,offshore,17,81.68374720946025,23.44413008143584,1,1,0,0,0.008728710261593052,0
81,4,offshore,17,72.9761340856802,15.763099372988796,1,0,1,0,0.03868436902697249,0
81,5,offshore,20,91.77725775363383,24.91355904829733,1,1,0,0,0.006048881054028533,0
82,1,offshore,25,77.37437750034972,7.74519400400534,1,1,0,0,0.026111931782174032,0
82,2,offshore,17,59.48516522096097,14.354948939810953,1,1,1,0,0.09928823148336469,0
82,3,offshore,19,73.61310369476445,19.60585724403878,0,1,0,0,0.018746438495422898,0
82,4,offshore,28,76.87815891590611,16.681203963488336,1,1,0,0,0.01804664001596386,0
82,5,offshore,17,62.67272189475343,24.12064769070491,1,1,0,0,0.016414705799496342,0
83,1,offshore,3,56.401485789956695,8.515916843914649,1,1,0,0,0.033713806238775124,1
83,2,offshore,6,52.78138073101502,3.2166526746730844,1,1,0,0,0.05296198116654702,0
83,3,offshore,26,50.22619486744114,2.4423138490760836,1,1,1,0,0.2981875843547411,0
83,4,offshore,27,52.502248475620725,1.1650710932715835,1,1,0,0,0.0901904032849649,1
83,5,offshore,23,63.448571086656386,3.5693722853004655,1,1,0,0,0.05032926296763583,0
84,1,offshore,21,83.07166313277024,13.75491794054333,1,1,0,0,0.014621618786573596,0
84,2,offshore,25,67.55541056097526,9.523159546091502,0,1,0,0,0.04325695077575981,0
84,3,offshore,8,79.56637242053483,22.561275198016837,0,1,0,0,0.010536743024092627,0
84,4,offshore,13,53.40474967568499,9.676993570096926,1,1,0,0,0.043152457216458225,0
84,5,offshore,19,79.64229374271599,13.775005022834907,1,1,0,0,0.015823952084446324,0
85,1,offshore,26,85.71067945424608,1.7626836245757866,1,1,0,0,0.026836081773551835,0
85,2,offshore,22,60.19347317162476,15.735287351805583,1,1,0,0,0.030090796184201355,0
85,3,offshore,13,85.72682236369842,4.799293602534744,1,1,0,0,0.01776716011820802,0
85,4,offshore,3,59.955741340072876,10.143790568041599,1,1,0,0,0.027443100917695758,0
85,5,offshore,6,80.56396180405262,2.8376382024049356,1,1,0,0,0.020412239689691306,0
86,1,offshore,18,93.70179083157285,14.492531465548602,1,1,0,0,0.009148281309342263,0
86,2,offshore,12,81.2000819180618,16.557661537170326,1,0,0,0,0.007597880562096095,0
86,3,offshore,7,61.490136819345985,3.5409836371151036,1,1,0,0,0.03919508312518068,0
86,4,offshore,4,75.03476032656857,1.699724464530136,1,1,1,0,0.08364255689425118,0
86,5,offshore,8,72.60922792248694,18.55567263287478,1,1,1,0,0.04246366079474258,0
87,1,offshore,25,62.8564817320144,3.192978516649821,1,1,0,0,0.054496119240041344,0
87,2,offshore,23,87.48183720084026,13.967116762967374,1,1,0,0,0.012903971585183933,0
87,3,offshore,8,74.63621704380434,7.585230524862099,1,1,1,0,0.06845839279055523,0
87,4,offshore,4,64.5955613462775,6.613526355332883,1,1,0,0,0.028395603137967004,0
87,5,offshore,23,61.96678027844534,24.76797529104756,1,1,0,0,0.018366331977501846,0
88,1,offshore,23,52.956145242034665,22.290863613368764,1,1,0,0,0.028495523787238613,0
88,2,offshore,15,84.07773402239754,22.551151524346924,1,0,0,0,0.005405824654512268,0
88,3,offshore,2,53.456334848117656,6.639862660832598,1,1,0,1,0.0810276477157215,0
88,4,offshore,25,68.88323222630646,2.214939334457779,1,0,0,0,0.03106541629935165,0
88,5,offshore,12,64.11679304234293,6.948960609482167,1,0,0,0,0.022336441485366343,0
89,1,offshore,15,62.21714011442201,22.701838993781564,1,1,0,0,0.017202649717342686,0
89,2,offshore,29,64.28995609412758,7.22532161783671,1,0,0,0,0.030763863395869322,0
89,3,offshore,23,59.500667415111685,19.059240102075865,1,1,0,0,0.026636165945488736,0
89,4,offshore,19,59.7312737683938,6.006120825785217,1,1,0,1,0.09433522443601589,0
89,5,offshore,16,57.708273101975166,20.856557315827494,1,1,0,0,0.02253653690513141,0
90,1,offshore,20,90.30604749199775,8.134892902751837,1,1,0,0,0.014736080931979856,0
90,2,offshore,4,54.7516195689488,2.0870714467138587,1,0,0,0,0.03368642784715594,0
90,3,offshore,9,57.02906785687697,24.722103855123546,1,1,1,0,0.05490655340442428,0
90,4,offshore,21,84.56024458909442,11.424675955389226,1,1,0,0,0.01559441629841104,0
90,5,offshore,11,62.552213423306455,4.100186685834649,1,1,0,0,0.03978215619206921,0
91,1,offshore,1,79.34418778467428,19.74206455326617,1,0,0,0,0.005548932011357629,0
91,2,offshore,11,88.10992509930287,8.783905056436431,1,1,0,0,0.01286760159111424,0
91,3,offshore,6,56.45279165049016,1.4412674116383348,1,1,0,1,0.102498093728323,0
91,4,offshore,22,55.89381843473783,15.543927214504611,1,1,0,0,0.035313851228098436,0
91,5,offshore,8,55.68738900825502,1.6682537818579215,1,1,0,0,0.0538005653028426,0
92,1,offshore,4,57.85912336533483,8.102368706478787,1,1,0,1,0.06719289588014384,0
92,2,offshore,24,66.32391201796185,14.120711879112157,1,1,0,0,0.02739560952929886,0
92,3,offshore,13,63.200903964845445,13.611287376541437,1,1,0,1,0.050661146287261545,1
92,4,offshore,13,62.237955172918944,6.229393111041856,1,0,0,0,0.025228068205919517,0
92,5,offshore,13,87.67683532123289,4.056867362749146,1,1,0,0,0.01722260344064887,0
93,1,offshore,27,68.09122475997083,18.494540802523773,0,1,0,0,0.028214481436649355,0
93,2,offshore,22,54.14444393898154,20.566631946173437,1,1,1,0,0.09696675073448222,0
93,3,offshore,2,77.32108763976096,10.32943234903712,1,1,0,0,0.014513011532766157,0
93,4,offshore,24,68.21262787233464,3.1035960686716786,1,1,0,0,0.044484174647206776,0
93,5,offshore,2,80.26282682031422,17.37260054212237,1,1,0,0,0.00920665243180827,0
94,1,offshore,13,61.55345733393911,20.298296071206227,1,1,0,1,0.03841582441066363,0
94,2,offshore,28,69.93651678519288,15.810542666287752,1,1,0,0,0.0240335328724307,0
94,3,offshore,11,62.50303234429545,19.516289487963704,1,1,0,0,0.018436541983509233,0
94,4,offshore,10,86.90303759250422,1.9978950363182504,1,1,0,0,0.01847196563059251,0
94,5,offshore,8,74.5147502142255,4.256519627014703,1,1,1,0,0.08119982078902702,0
95,1,offshore,12,66.13797118791162,22.872140561887136,1,1,0,0,0.014003667496030717,0
95,2,offshore,22,78.26537890596073,23.335419432447036,1,1,0,0,0.010932019432580181,0
95,3,offshore,11,93.61948155278805,10.06814112945248,1,1,0,0,0.009950933522854193,1
95,4,offshore,20,68.031687507551,3.7635082814848273,1,1,1,0,0.13275041710401764,0
95,5,offshore,6,70.49224109662734,10.95905046591233,1,1,0,0,0.019347714857929542,0
96,1,offshore,18,68.06578005900695,9.114025824790273,1,1,0,0,0.029363478835581575,0
96,2,offshore,1,51.88838330496354,9.72748861406679,1,1,0,0,0.03570488208814555,0
96,3,offshore,14,56.67621517802826,5.1300647788630345,1,1,1,0,0.16362619194340547,0
96,4,offshore,14,83.98101278503381,15.078974038807903,1,1,0,0,0.011524453044348978,0
96,5,offshore,21,58.78387240573471,17.28378804761395,1,1,0,1,0.05775040384709399,0
97,1,offshore,19,73.23274846389533,14.935485421831217,1,1,1,0,0.06204344166183907,0
97,2,offshore,9,89.32437299844582,1.3097734715438074,1,1,0,0,0.017217280340925775,0
97,3,offshore,18,76.97575128464224,22.657678626656192,1,0,0,0,0.007320803228969988,0
97,4,offshore,18,61.901231750023584,13.085127556285268,1,1,0,0,0.029873021733004494,0
97,5,offshore,27,93.10756369667618,13.986731797092274,1,1,0,0,0.011469071295671316,0
98,1,offshore,23,85.44839847360664,7.800737653386837,1,1,0,0,0.018859644917282068,0
98,2,offshore,10,59.103227712119164,10.28096936905547,1,1,0,0,0.032300859526599716,0
98,3,offshore,20,71.34957021293307,1.1760196200683266,1,1,0,0,0.04051690686768352,0
98,4,offshore,21,52.19126817799684,3.3521844347377856,1,1,0,0,0.07249022107327649,0
98,5,offshore,14,70.44252785554201,11.837574078533802,1,1,1,1,0.14553085123456339,0
99,1,offshore,23,94.52774000229451,17.423541974208273,1,1,1,0,0.028165766319371968,0
99,2,offshore,25,52.493714979901,8.947515739939595,1,1,0,0,0.05873873956579533,0
99,3,offshore,16,93.05241952502074,15.384633401011975,1,1,0,0,0.008599369834837426,0
99,4,offshore,15,59.350253943276115,15.104728438901102,1,1,0,0,0.027806226460634676,0
99,5,offshore,19,94.6631579072887,6.7760923541716735,1,1,1,0,0.04406827494290018,1
100,1,offshore,22,58.76480739592516,20.451237213171183,1,1,0,0,0.0249887359033099,0
100,2,offshore,5,81.14227488678851,4.359697041322309,1,1,0,0,0.018170343842709477,0
100,3,offshore,16,84.60140200570257,24.857959711493812,1,1,0,0,0.007198036087630691,0
100,4,offshore,6,65.99477018138278,17.061256718196802,1,1,0,0,0.016691097387722804,0
100,5,offshore,25,58.946632742183134,8.56025217240219,1,1,0,0,0.047780161615547774,0
101,1,offshore,27,61.75230946298871,17.678874864233144,1,1,0,0,0.028573528279239795,0
101,2,offshore,5,91.0381812889835,2.4622893212972787,1,1,0,0,0.014130060350862518,0
101,3,offshore,6,51.07758193717176,15.035867471338982,1,1,1,0,0.1033629455518273,0
101,4,offshore,29,55.6418907155243,7.086706500632998,1,1,0,0,0.06254922075659212,0
101,5,offshore,29,86.45724904818661,11.31216072052355,1,1,0,1,0.03467931938938251,0
102,1,offshore,23,67.31296594283502,11.463884333694061,1,1,0,0,0.029624663901627837,0
102,2,offshore,10,73.31348741181552,6.135872288759526,1,0,0,0,0.016199649482647023,0
102,3,offshore,9,63.20906566063972,7.383944634223791,1,1,0,0,0.03169759305539363,0
102,4,offshore,29,91.92831814924287,24.926786017880072,1,0,0,0,0.00482555060286904,0
102,5,offshore,21,50.04182375914825,22.677367056272974,1,1,0,0,0.029737922839603435,0
103,1,offshore,7,64.0669111208735,10.856383192246788,1,1,0,1,0.05002856939454921,0
103,2,offshore,23,56.81170270684737,4.645268136079126,1,1,0,0,0.060164487970858084,0
103,3,offshore,23,72.700517375121,8.492553677659107,1,1,0,0,0.028463127763871107,0
103,4,offshore,15,91.4681026358338,20.489862664208296,1,1,0,0,0.0069024647193099324,0
103,5,offshore,4,66.95043981932581,9.141775868172072,1,1,0,0,0.02304389998987905,0
104,1,offshore,10,74.56655899890501,23.22892484522428,1,1,1,0,0.03267072678968269,0
104,2,offshore,25,52.41975402478925,17.06456762177796,1,0,0,0,0.026307011668743052,0
104,3,offshore,19,92.85740385794261,8.891742828366624,1,1,0,0,0.012719789417358357,0
104,4,offshore,9,94.39534013514847,15.348159684296439,1,1,0,0,0.0071456972335090276,0
104,5,offshore,1,71.39640718547301,21.378352479008225,1,1,0,0,0.01007405597348265,0
105,1,tanker,9,63.85433563734654,12.45280190603107,1,0,0,1,0.024051886551700923,0
105,2,tanker,16,81.36608747019348,9.71158816969292,0,0,1,0,0.03639250362411237,0
105,3,tanker,6,65.74082278134163,21.69991617763805,1,0,0,0,0.006631497677655787,0
105,4,tanker,29,56.266433185311676,1.2571671446886148,0,0,0,1,0.10516933445793533,0
105,5,tanker,22,70.81670961973188,1.7984313080646022,0,0,0,0,0.0265558185177494,0
106,1,offshore,25,76.79148665705927,10.963495695825898,1,1,0,0,0.02268895996873822,0
106,2,offshore,17,62.45914862714055,2.1055135283674584,1,1,1,0,0.16507656566674442,0
106,3,offshore,16,66.93867331343122,14.698275543017761,1,1,0,0,0.022197683483890708,0
106,4,offshore,2,57.551656804071285,3.8887258290396653,1,1,0,0,0.04000526215704726,0
106,5,offshore,18,53.28516168048323,18.85668592834424,1,1,0,0,0.03026343819694722,0
107,1,offshore,18,58.5443898093164,1.9349883123631413,1,1,0,0,0.058671390325338336,0
107,2,offshore,15,84.79325755664412,17.118105830534223,0,1,0,0,0.013251171623960672,0
107,3,offshore,6,61.18721980759879,13.921479502886985,1,1,1,0,0.07671740537321815,0
107,4,offshore,12,92.93190192851387,3.925108042753207,1,1,0,1,0.02847092267232075,0
107,5,offshore,15,58.3214133860215,11.275724152722876,1,1,0,0,0.03490812474515389,0
108,1,offshore,19,64.8570177642022,3.563216896056727,1,1,1,0,0.14687748625256972,0
108,2,offshore,14,91.21134125078025,18.230384582562444,0,1,0,0,0.00981428626294077,0
108,3,offshore,6,53.50354338239463,23.930756594513618,1,1,0,0,0.018330996611247617,0
108,4,offshore,1,87.63894153435378,13.059175594306373,1,1,0,0,0.00864891211138484,0
108,5,offshore,13,67.69943016733349,14.069327791712212,1,1,0,0,0.021006015173464194,0
109,1,offshore,9,79.0490460384735,4.738558253924084,1,1,0,0,0.020782488954441986,0
109,2,offshore,7,61.74133608425756,24.27078253370411,1,1,0,0,0.013780704503454219,0
109,3,offshore,26,54.89071427186114,24.550181857390644,1,1,0,0,0.02525618778768999,0
109,4,offshore,9,73.89992733518875,18.897223988914895,1,1,0,0,0.012260670545894478,0
109,5,offshore,6,66.01809980617882,4.564162759448339,1,1,0,0,0.031153096543643604,0
110,1,offshore,10,75.39779211525453,23.390959012677456,1,1,0,0,0.009480950778364654,0
110,2,offshore,26,58.107139147967864,3.6367147297787907,1,0,1,0,0.14290351357958242,0
110,3,offshore,10,82.63791879595499,9.64945696129867,1,1,0,0,0.01462825998241391,0
110,4,offshore,25,50.27211694327903,12.612645252743473,1,1,0,0,0.05285746352904114,0
110,5,offshore,11,60.809874494377354,11.650512138213882,1,1,0,0,0.028988061266817296,0
111,1,offshore,17,66.74370147333032,19.235767802281323,1,1,0,1,0.03659594117139985,0
111,2,offshore,15,72.46395260785994,6.197900455053781,1,1,1,0,0.0910694056221666,0
111,3,offshore,21,58.56516387927714,23.013294203796708,1,1,0,0,0.021699947322688706,0
111,4,offshore,26,66.34649082541146,20.054443202844432,1,1,1,0,0.07030943075422472,0
111,5,offshore,17,50.901045337948446,2.5001665962498594,1,1,0,0,0.07305483783396217,0
112,1,offshore,14,74.55631859658617,5.897545325118414,1,1,0,0,0.02536592814330871,0
112,2,offshore,11,77.5918359996358,20.33445325048572,1,1,0,1,0.02101672094706561,0
112,3,offshore,21,59.269101614463274,1.022641966423146,1,1,0,1,0.12802232005590736,0
112,4,offshore,20,88.56339866493076,23.529151248976838,1,1,0,0,0.007254186592689448,0
112,5,offshore,14,53.07983191591818,22.537535639718072,1,1,0,0,0.023408152987260317,0
113,1,tanker,16,76.27636801675109,5.967846429881396,0,0,1,0,0.05244107073118036,0
113,2,tanker,5,81.7971858047398,13.848346433479762,0,0,0,0,0.007045833534743176,0
113,3,tanker,8,91.78685966887872,18.729844230782327,1,0,0,0,0.003217880712437937,0
113,4,tanker,10,82.67381831677326,3.911271952132819,0,0,0,0,0.012411308592690974,0
113,5,tanker,22,90.42598738254495,14.984467517309987,1,0,0,0,0.005385027108800191,0
114,1,offshore,25,77.11111267057699,12.754860831717778,1,1,0,0,0.020514322360366464,0
114,2,offshore,29,67.34991039805912,13.160458980496067,1,1,1,0,0.10174660584984739,0
114,3,offshore,23,72.6067318987443,8.869215856438204,1,1,0,0,0.028023932288744967,0
114,4,offshore,17,78.05836378283695,2.5145528587731096,1,1,0,0,0.02821870070264673,0
114,5,offshore,1,69.31172713812448,2.7975002080476097,1,1,0,0,0.0274391223699941,0
115,1,offshore,10,75.95635638372151,3.8610506281737607,1,1,0,0,0.024685851707235928,0
115,2,offshore,21,61.29006424403471,3.4135055700026644,1,1,0,0,0.052558548195349795,0
115,3,offshore,8,54.798062852146906,9.803159695510441,1,1,0,0,0.03695367474889767,0
115,4,offshore,8,73.27442424620882,21.35635595871873,1,1,0,0,0.010862675342123722,0
115,5,offshore,2,52.530093268293754,12.65522316192017,1,1,1,0,0.10214985037408049,0
116,1,offshore,27,54.60651880624442,19.042498904391476,1,1,1,0,0.11379540870095355,0
116,2,offshore,7,91.96550189176824,14.815966071938071,1,1,0,0,0.007676505335603296,0
116,3,offshore,10,82.3655488569866,7.517210924259656,1,1,0,0,0.016429861836200012,0
116,4,offshore,15,58.282014742259605,19.154826111733882,1,0,0,0,0.015802109715496997,0
116,5,offshore,13,69.92732166729459,21.33446583910537,1,1,0,1,0.02720975989665629,0
117,1,offshore,10,51.54940888579915,11.699813195848389,1,1,0,0,0.03919445599857814,0
117,2,offshore,24,55.433598615350604,24.447173107038942,1,1,0,0,0.02393210043240751,0
117,3,offshore,21,64.94776349277797,17.81940203204177,1,1,0,1,0.04531388307270086,0
117,4,offshore,19,60.901572091314534,5.883711869327501,0,1,1,1,0.3883918149068103,0
117,5,offshore,5,69.55389334870229,21.868808123559514,1,1,0,1,0.022872346526680964,0
118,1,offshore,9,56.000501029236666,6.8210626379912975,1,1,0,1,0.0844943451700476,0
118,2,offshore,17,67.99923582321058,2.377404248518565,1,1,0,0,0.040403314058100576,0
118,3,offshore,17,62.70412253948241,15.04712388002347,1,1,0,1,0.05197458224508019,0
118,4,offshore,16,68.93314531558775,13.046689723164201,1,1,1,0,0.07464628123813907,0
118,5,offshore,12,71.39586227761042,19.166263824194594,1,1,0,0,0.014021430483795727,0
119,1,offshore,4,89.49872321881813,5.895870486625297,1,1,0,0,0.01231116337207673,0
119,2,offshore,18,87.77539553942978,16.619997317475637,1,1,0,0,0.010121041455918996,0
119,3,offshore,25,57.478324982438714,8.985507436249097,1,1,1,0,0.16348782664329234,0
119,4,offshore,10,61.46369183015235,9.445236024328155,1,1,0,0,0.0310085900259008,0
119,5,offshore,17,50.983102039379084,19.58765447487498,1,1,0,0,0.030999280168981687,0
120,1,offshore,1,55.03705601606551,15.628141384119598,1,1,0,0,0.023808704502551514,0
120,2,offshore,7,65.11173640886905,15.761674096352753,1,1,1,1,0.1253062573816323,0
120,3,offshore,24,71.25118245253213,8.783893099287198,1,1,1,0,0.0999599132559893,0
120,4,offshore,8,56.953437349573356,11.549510602549567,1,1,0,0,0.031403188791255095,0
120,5,offshore,23,67.6809201022202,7.209062737975228,1,1,0,0,0.03617867795407851,0
121,1,offshore,10,93.233583624711,13.900963447368312,1,1,0,0,0.00816234642520131,1
121,2,offshore,27,60.65218876301914,22.1827709804139,1,0,0,0,0.015891591347296157,0
121,3,offshore,4,74.47041816762861,17.67928319491542,1,1,0,1,0.023273758549409752,0
121,4,offshore,17,90.30768599818015,1.6946636018408094,1,1,0,0,0.01914904967279564,0
121,5,offshore,20,60.72303517488912,6.385191515195092,0,1,0,0,0.05815951371906107,0
122,1,offshore,14,53.582228464662755,17.966951643842144,1,1,0,0,0.028905436757629847,0
122,2,offshore,4,54.160228266668,11.989607083049714,1,1,0,0,0.03127024278205182,0
122,3,offshore,28,81.05554029569035,21.098790282003083,1,1,0,0,0.012501790255995482,0
122,4,offshore,29,52.32458107015885,2.1830678263459946,1,1,0,0,0.08976916572105666,0
122,5,offshore,6,84.37354250900964,13.337966098388447,1,1,0,0,0.010567497176243577,0
123,1,offshore,19,77.32959875568797,3.125880151279458,1,1,0,0,0.029222101246199634,0
123,2,offshore,14,86.66571503856464,11.017398976146406,1,1,0,1,0.025882972079543046,0
123,3,offshore,17,77.91056820325042,14.075226046626362,1,1,0,0,0.015912804339872126,0
123,4,offshore,27,72.91109358147196,4.343667577073113,1,1,1,0,0.1250462444864337,0
123,5,offshore,3,62.00575472452239,13.142219203513452,1,1,0,0,0.02198681385524797,0
124,1,offshore,3,78.6034399388018,24.83064317878977,1,1,0,0,0.00685585287791428,0
124,2,offshore,3,63.22625422272202,11.71183263967747,1,1,0,0,0.022629282404064997,0
124,3,offshore,24,70.6083446520291,10.522943809950021,0,1,0,0,0.03624552863394613,0
124,4,offshore,21,75.6187242985491,16.161338039838018,1,1,0,0,0.016827812550800854,0
124,5,offshore,20,64.52644070515326,7.194583436161953,1,1,0,0,0.038076629024699125,0
125,1,offshore,6,63.58100251375198,22.59383388181292,0,1,0,0,0.01768520646036462,0
125,2,offshore,18,73.79182939478237,1.8250446004414052,1,1,0,0,0.03459776276986612,0
125,3,offshore,16,94.95722741466403,6.2878574425019815,1,1,0,0,0.012677888934637036,0
125,4,offshore,5,79.23002030406329,21.831990205482157,1,1,0,0,0.008110058310610799,0
125,5,offshore,10,90.47356349752964,4.204821595857986,1,1,0,0,0.014598802090842638,0
126,1,offshore,29,88.61930559396635,5.094426990919464,1,1,0,0,0.02178797546946921,1
126,2,offshore,1,87.63703598346797,24.38654345532341,1,1,1,0,0.01629945785442069,0
126,3,offshore,28,94.21171612705615,22.883645668946727,1,1,0,0,0.007215005330891306,0
126,4,offshore,5,88.62486943014162,12.126929784242796,1,1,0,1,0.019097135685846527,0
126,5,offshore,16,66.20269558688267,12.46881651791526,1,1,0,0,0.02546283931534633,0
127,1,offshore,15,79.49794873307506,1.9551310560556612,1,1,0,0,0.026511285772033082,0
127,2,offshore,22,83.15719050881768,13.024965687630482,1,1,0,0,0.01542524305364825,0
127,3,offshore,6,54.584544386280044,22.86689203340698,0,1,0,0,0.02390174870399413,0
127,4,offshore,16,76.21401998483312,17.41091682135699,1,1,0,0,0.01400926278652489,0
127,5,offshore,9,87.81566799148285,1.4199571356973264,1,1,0,0,0.0180511436430114,0
128,1,offshore,24,93.49515133498144,11.577736986022325,1,1,0,0,0.01201959377713671,0
128,2,offshore,9,55.67495637553812,4.116568322029145,1,1,0,0,0.04858444362940752,0
128,3,offshore,3,77.10153360697657,8.735795787266198,1,1,0,0,0.016157943936961443,0
128,4,offshore,24,62.87607691062414,16.370734575838068,0,1,0,1,0.07141842278899754,0
128,5,offshore,11,59.79780048573201,15.909436731524014,0,1,0,0,0.031167018159420815,0
129,1,offshore,8,56.5976550721929,16.502269432552943,1,1,0,0,0.024821839231415423,0
129,2,offshore,11,91.76064065282215,4.970083651081824,1,0,0,1,0.018497372104319225,0
129,3,offshore,12,61.95585041898185,22.499577557444674,1,1,0,0,0.016515868341937464,0
129,4,offshore,4,58.56025688690619,13.5012587848163,1,1,0,0,0.024855606696901487,0
129,5,offshore,19,85.8010269315914,4.393205301192165,1,1,0,0,0.020390295386573793,0
130,1,offshore,21,57.4220312083729,3.990761516538994,1,0,0,0,0.03919096011387752,0
130,2,offshore,26,70.5005051895549,22.383373232576893,1,1,0,0,0.016298432470247842,0
130,3,offshore,27,80.85432871693396,6.430656019451368,1,1,0,0,0.025695630883530527,0
130,4,offshore,4,78.37858827423862,11.323425570323831,1,1,0,0,0.013850667284618482,0
130,5,offshore,13,60.76995289463114,15.978722081095706,1,0,0,0,0.01631150722752004,0
131,1,offshore,6,82.37246700086692,1.6749161506701702,1,1,0,0,0.020307151739013717,0
131,2,offshore,19,89.08487738536269,5.175061304709413,1,1,0,0,0.01747954788619905,0
131,3,offshore,13,61.932683353251,16.908634903231977,1,1,1,1,0.14910930333792813,0
131,4,offshore,9,52.779307383058985,18.6244008480471,1,1,0,0,0.026030254032336896,0
131,5,offshore,2,94.1622500408576,16.11240628622087,1,1,0,0,0.006028246746020246,0
132,1,offshore,9,79.60772686017316,18.45944987191592,1,1,0,0,0.010262662872316478,0
132,2,offshore,24,57.82836676565024,9.669185415419483,1,1,0,0,0.04607650519612075,0
132,3,offshore,24,69.4430278279978,20.113377342873015,1,1,0,0,0.0182028911863372,0
132,4,offshore,21,78.20467337377498,1.6912283331164488,1,1,0,0,0.03169092284339251,0
132,5,offshore,2,57.312997938385536,24.033897315087263,1,1,1,0,0.04891604617952166,0
133,1,offshore,8,78.44540548620431,11.447025380503218,1,1,0,0,0.014876976520612251,0
133,2,offshore,1,60.48585339785757,20.515408107561413,1,1,0,0,0.015409435316244068,0
133,3,offshore,22,83.25187049072625,1.700077414977839,1,0,0,0,0.018154817292476547,0
133,4,offshore,1,71.60825818678495,12.661254548550716,1,1,0,1,0.031137208380893257,0
133,5,offshore,8,77.84361421059228,2.9603143567924954,1,1,0,0,0.023224623271999853,0
134,1,offshore,14,74.43232000201975,4.105134807200821,1,1,0,0,0.02786488624220301,0
134,2,offshore,15,71.07352661553733,21.47507612584568,1,1,1,1,0.08969616738757272,0
134,3,offshore,23,62.84318308085401,15.059401461165864,1,1,0,1,0.058280863527575125,0
134,4,offshore,5,93.777987139701,1.1168417837320774,1,0,0,0,0.009204418494527336,0
134,5,offshore,22,82.96757146581794,17.43340393314411,1,1,0,0,0.012456219806613938,0
135,1,tanker,10,54.663652691635804,17.857728780788847,1,0,0,0,0.012828137438703605,0
135,2,tanker,26,85.5537462487147,15.790977960499472,0,0,0,0,0.008532012470747571,0
135,3,tanker,21,87.98836531208367,4.343256128989943,0,0,0,0,0.012566061983568329,0
135,4,tanker,3,87.14906786841871,19.991457143504004,1,0,0,0,0.0032154426997201553,0
135,5,tanker,17,66.9653470381435,24.158286436043824,1,0,0,0,0.007001005704766212,0
136,1,offshore,8,75.50862949823426,23.374405214103334,0,1,0,0,0.011660802292926053,0
136,2,offshore,6,80.0299332350462,4.013970465043856,1,1,0,0,0.019609400968655932,0
136,3,offshore,19,77.59023075811587,4.772893205366902,1,1,1,0,0.08853983309125549,0
136,4,offshore,3,78.00363405833119,23.42608520422033,1,1,0,0,0.007510663620079293,0
136,5,offshore,20,68.80928384781112,21.478835165612846,1,1,1,0,0.05327614052572163,0
137,1,offshore,18,50.716412026825935,15.788391165102336,1,1,1,1,0.258077854179847,0
137,2,offshore,10,89.3155115552337,4.043243179042241,1,1,1,0,0.05088408565325588,0
137,3,offshore,23,88.39291155160102,14.95170447340128,1,1,0,0,0.011898569121606436,0
137,4,offshore,19,85.8587706624286,9.183197523099633,1,1,0,0,0.016015202536275922,0
137,5,offshore,22,75.77476293816991,6.720093055071927,1,1,0,0,0.02737510225282202,0
138,1,offshore,27,85.02927830516299,5.092913173557421,1,1,0,0,0.023738183732575798,0
138,2,offshore,3,70.12862403136702,24.172430037634392,1,1,0,0,0.009531784357773515,0
138,3,offshore,28,79.8814864900093,6.701440349626477,1,1,0,0,0.02675793953499055,0
138,4,offshore,13,88.36441901939752,5.7567132741200355,1,1,1,0,0.0512730334178421,0
138,5,offshore,17,73.36431385715571,6.624882176269012,1,1,0,0,0.027079045098158724,0
139,1,offshore,14,62.13841096431952,17.85756930593437,1,1,0,1,0.04338147167131301,0
139,2,offshore,3,67.25245386343994,21.091887140680615,1,1,1,0,0.04082624101195289,0
139,3,offshore,5,84.03395436411324,13.951882933675659,1,1,0,0,0.010165226503872558,0
139,4,offshore,26,73.97812095274669,12.31172305852164,1,1,1,0,0.07927595703621054,0
139,5,offshore,10,78.12911987089379,23.708485455790267,1,0,0,0,0.005684890186808374,0
140,1,bulk,21,83.55327496342258,24.89485743094496,1,0,0,0,0.003701165550583841,0
140,2,bulk,28,72.00279168973034,10.777789152512451,0,0,1,0,0.05507897763410929,0
140,3,bulk,11,57.179298050979064,22.253426646055154,0,0,0,0,0.011176445852395607,0
140,4,bulk,7,54.95640273135349,10.348384622689808,0,0,0,0,0.02022383687965442,0
140,5,bulk,24,78.92629659887781,19.785896182033284,0,0,1,0,0.0254328104115076,0
141,1,bulk,28,77.49168743675651,1.030433845971766,0,0,1,0,0.07399699811716348,0
141,2,bulk,14,68.1017186157594,2.229383113703518,0,0,0,0,0.022037068598594032,0
141,3,bulk,8,66.49480343206518,9.96047586476396,0,0,0,0,0.014047063433204943,0
141,4,bulk,14,57.93978967116576,23.941676137316378,0,0,0,0,0.010620422873579404,0
141,5,bulk,15,67.04165100115216,21.23547676071389,1,0,0,0,0.0070253403040635275,0
142,1,offshore,10,82.81449268253839,13.006972448276311,1,0,0,0,0.008239168368536226,0
142,2,offshore,7,57.828982978481164,9.099449097111325,1,1,0,0,0.03374284584479829,0
142,3,offshore,1,89.7270423205322,12.351774248755664,1,1,0,0,0.008328805806402632,0
142,4,offshore,27,63.637959252879575,16.317385960974676,1,1,0,1,0.05765963760067923,0
142,5,offshore,5,77.98715301905192,15.563029499712083,1,1,0,0,0.011588966113552354,0
143,1,offshore,8,56.37277602439777,3.4599119005411074,1,1,0,0,0.048024558865821076,0
143,2,offshore,22,89.06441719401784,22.150016360365356,1,1,0,0,0.00794863216521538,0
143,3,offshore,11,78.4034635127032,4.926795729821322,0,1,0,0,0.02814287655760176,0
143,4,offshore,1,73.59146242419816,17.09745581062242,1,1,0,0,0.011555728679862244,0
143,5,offshore,10,80.82527389984304,17.986076982529557,1,1,0,0,0.010273490538493236,0
144,1,offshore,11,71.00074201238888,2.265034956482536,1,1,0,0,0.03244276827122862,0
144,2,offshore,8,68.6495321135749,19.2986685265384,1,1,1,0,0.046997209550431296,0
144,3,offshore,20,53.28882909617676,7.567993238114984,1,0,1,0,0.12325391766055982,0
144,4,offshore,23,84.9142530294857,11.722808236197075,1,1,0,1,0.03180476149550192,0
144,5,offshore,12,60.811025830893676,12.275303714768357,1,1,0,0,0.028662916783824127,0
145,1,offshore,12,77.69531391729828,5.624586272631231,1,1,0,0,0.022135662113373474,0
145,2,offshore,26,90.04263773397398,15.412834436953956,1,1,0,0,0.011653670985705383,0
145,3,offshore,13,61.97485802761847,20.996599834850894,1,1,0,0,0.018152444889106018,0
145,4,offshore,14,72.41851846282907,8.908729930575921,1,1,0,0,0.023515755334090626,0
145,5,offshore,17,79.71511237313574,13.545026897622424,1,1,0,0,0.015340171887230065,0
146,1,offshore,23,67.822451484596,5.779765542329608,1,1,0,0,0.03866679416891648,1
146,2,offshore,3,65.13555770220118,15.08195485521623,1,1,0,0,0.017884117288530888,0
146,3,offshore,11,61.346478012752456,12.779447230433028,1,1,0,0,0.02688735729282957,0
146,4,offshore,22,62.0987695240553,1.5048856590512472,1,1,0,0,0.05734318832064476,0
146,5,offshore,27,74.82595855129077,21.186308094786433,1,1,1,0,0.05037682888149317,0
147,1,offshore,3,60.367778218155394,17.444834890476784,1,1,1,0,0.06234237036669522,0
147,2,offshore,13,74.2154454517916,2.69320152903747,1,1,1,0,0.09805755593344649,1
147,3,offshore,2,83.91956909202736,15.928220531415533,1,1,0,0,0.008707278927500152,0
147,4,offshore,15,58.76782212449139,12.79193036589114,1,1,1,0,0.10577191032820786,0
147,5,offshore,14,60.719424596402725,10.328194016102811,1,1,0,0,0.03298872107052984,0
148,1,offshore,7,53.602853113803455,12.386876316268559,1,1,0,0,0.033192090320700376,0
148,2,offshore,10,91.54259202893807,5.959436437400927,1,1,1,0,0.04276811020056282,0
148,3,offshore,7,94.13425284749832,4.73662234614239,1,1,0,0,0.011777904922363304,0
148,4,offshore,12,83.09585878689575,2.920438474184304,1,1,0,0,0.02097598680002187,0
148,5,offshore,25,61.266142830688494,17.06356999272404,1,1,1,0,0.09560850497480111,1
149,1,offshore,7,94.06684811320324,17.712698380792734,1,1,0,0,0.006170504961511524,0
149,2,offshore,1,50.382301037324424,19.264143590789327,1,1,0,0,0.02336332682179082,0
149,3,offshore,22,77.35382708364412,10.680743320632477,1,1,0,0,0.021249516985606096,0
149,4,offshore,26,75.29498971804533,1.1407534692918713,1,1,0,0,0.03986078328066411,0
149,5,offshore,28,91.65123541356223,13.073049941368513,1,1,0,1,0.025953579603730927,0
150,1,offshore,13,52.211677565532966,5.585491344312596,1,1,0,0,0.05520601953986761,0
150,2,offshore,16,90.90781443035291,1.6989708397385268,1,1,0,1,0.03700426705971189,0
150,3,offshore,25,73.54788121851124,3.801949666451093,1,1,0,0,0.03636046118234441,0
150,4,offshore,13,52.569264222944774,17.14782132539402,1,1,0,0,0.03058286745004078,0
150,5,offshore,6,68.28648823748577,12.641749819424689,1,1,0,0,0.019214029199756143,0
151,1,tanker,7,69.71502429649829,20.626922334146066,1,0,0,1,0.012508186024134197,0
151,2,tanker,29,53.84311179308932,11.795295776906288,0,0,0,0,0.03356492347148384,0
151,3,tanker,20,82.59738601991201,5.549332204886571,0,0,1,0,0.04649664493435545,0
151,4,tanker,20,68.80858286062491,7.028608110507213,0,0,0,0,0.021073671672958254,0
151,5,tanker,20,85.81842903202734,8.338147060296993,0,0,0,1,0.02191569199842956,0
152,1,offshore,4,61.08567112590359,2.51808181356831,1,1,0,0,0.039403423322883824,0
152,2,offshore,14,89.40931424866199,19.056296860766942,1,1,0,0,0.007811636158528143,0
152,3,offshore,3,53.273131779973845,19.9631529694266,1,1,0,0,0.021221992333772983,0
152,4,offshore,24,77.45195054559882,10.179627053982264,0,1,0,0,0.0290191413030989,0
152,5,offshore,1,91.84647934155493,14.082001908637363,1,1,0,1,0.01428240566410435,0
153,1,offshore,11,50.56600156187879,4.6951177279960925,1,1,0,0,0.05874401866692323,1
153,2,offshore,29,76.82287689952678,3.151653549656296,1,1,0,0,0.036283819932504326,0
153,3,offshore,25,68.74862168361878,4.7202080180021095,1,1,0,0,0.04108089284632585,0
153,4,offshore,26,55.09595532379189,14.684493179195307,1,1,1,0,0.1363427837851381,1
153,5,offshore,9,55.138270110670945,13.439649338300391,1,1,0,0,0.031060389509536594,0
154,1,offshore,9,62.908099054124,7.730921554241328,1,1,0,0,0.031482307909415454,1
154,2,offshore,15,61.89348887481897,7.893792351396179,0,1,0,0,0.04684262367856281,0
154,3,offshore,5,70.40373037809206,24.74271868255324,1,1,0,0,0.009549499852175463,0
154,4,offshore,10,85.02526530804013,23.589152658896452,1,1,1,0,0.022251587630710792,0
154,5,offshore,5,71.03243009515664,7.853910789727273,1,1,1,0,0.07216280061359832,0
155,1,bulk,10,66.43525668155968,13.849920052275227,1,0,0,0,0.00939356887140841,0
155,2,bulk,6,52.34325827995714,1.3077195882545398,0,0,0,0,0.03413609264131128,0
155,3,bulk,9,86.42423698082666,20.203663561402013,0,0,1,0,0.01419264406199135,0
155,4,bulk,16,80.42418653740596,10.720026366101163,0,0,1,0,0.03235949323593451,0
155,5,bulk,15,54.77413008258091,17.090719966780224,0,0,0,0,0.01704956564012962,0
156,1,offshore,14,58.71307144079574,10.990838285064513,1,1,0,0,0.03423525168733443,0
156,2,offshore,29,77.10984994376491,3.5739240039003057,1,1,0,0,0.03517073450742663,0
156,3,offshore,25,93.09949961793001,2.8650980414014118,1,1,0,0,0.01922127791767016,0
156,4,offshore,3,69.23784009166923,18.588120094537974,1,1,0,0,0.013000981713674507,0
156,5,offshore,26,61.9514419238312,19.41360145982135,1,1,0,0,0.025502455423771407,0
157,1,offshore,13,87.88925876262019,12.588514359590722,1,1,0,0,0.011158544243467973,0
157,2,offshore,26,55.19313316914837,20.23694705725781,1,1,0,0,0.031004993284231296,0
157,3,offshore,12,52.35562302940909,6.543503452673527,1,1,0,0,0.05132270774397044,0
157,4,offshore,3,79.18047113816456,10.110384554759975,1,1,0,0,0.014026095535530239,0
157,5,offshore,27,59.46242800558376,14.581326522442215,1,1,0,0,0.03614374746054755,0
158,1,offshore,6,79.43348988300863,13.27817465551718,1,0,0,0,0.008445843275697895,0
158,2,offshore,22,63.75418235762825,15.23158482321837,1,1,0,0,0.02724253817862861,0
158,3,offshore,27,93.80149547685292,19.973621264587724,1,1,0,1,0.016710242822387294,0
158,4,offshore,27,80.47853088510468,17.863109834509977,1,1,1,0,0.048805899955466726,0
158,5,offshore,23,87.91495256593316,9.692358467059638,1,1,0,0,0.015738564149874686,0
159,1,offshore,22,63.1631759153464,5.01929177320102,1,1,0,0,0.04634342994870014,0
159,2,offshore,25,87.57305487734526,21.22082820044324,1,1,0,0,0.009315288249676647,0
159,3,offshore,15,65.69425613282398,17.653036847718784,1,1,0,0,0.019605388892618134,0
159,4,offshore,1,51.74597546279993,5.482540677547104,1,1,0,0,0.0443680272878086,0
159,5,offshore,12,80.41516802735948,6.969409450974991,1,1,0,0,0.01881687221255545,0
160,1,offshore,13,53.53413092567594,9.553713660391953,1,1,0,0,0.0432230973635889,0
160,2,offshore,13,53.43361043783358,18.58480441289937,0,1,0,0,0.03545763817199013,0
160,3,offshore,13,70.05784194062912,21.066846773081025,1,1,0,0,0.013631570630376172,0
160,4,offshore,9,56.77749288808336,23.383554413019485,0,1,0,0,0.022905230881491625,0
160,5,offshore,5,63.62056446704396,12.225968208991926,1,1,0,0,0.02264042696841314,0
161,1,offshore,25,92.44895503433673,13.48553173847416,1,1,0,0,0.011562478759916296,0
161,2,offshore,27,91.60224272483238,13.52183741898195,1,1,0,0,0.01237384428105875,0
161,3,offshore,1,75.05191654487842,18.719092251479385,1,1,0,0,0.01012475674316352,0
161,4,offshore,24,73.58696004626401,7.792015250297865,1,1,0,1,0.058710049596579696,0
161,5,offshore,10,76.66173472557185,21.053720922175568,1,0,0,0,0.006833988818117506,0
162,1,offshore,10,58.60447329860338,8.505786788521604,1,1,0,0,0.03592054349781188,0
162,2,offshore,3,68.36182077212675,5.590656904897529,1,0,0,1,0.03465904417444286,0
162,3,offshore,13,55.511663758263374,13.816866716911758,1,0,1,0,0.07253024966479207,0
162,4,offshore,11,83.85508300900483,22.87818946734704,1,0,0,0,0.004947675648298293,0
162,5,offshore,7,83.1314276582208,19.582027544816107,1,0,0,0,0.0055237331870606554,0
163,1,offshore,6,72.75453608435987,2.851464978065464,1,1,0,0,0.02680995482192797,0
163,2,offshore,19,73.32457653679205,12.083355557488447,1,1,0,0,0.021482256650083482,0
163,3,offshore,9,77.4960535193866,15.98060974951049,1,1,0,0,0.012507930940176598,0
163,4,offshore,21,83.73765860525944,3.3236495436932465,1,1,0,1,0.04846077707323442,0
163,5,offshore,12,56.063626930890834,8.55532141409364,1,1,0,0,0.04076248877322796,0
164,1,offshore,8,75.19507393306034,12.673720852868277,1,1,0,0,0.015677736500736974,0
164,2,offshore,8,61.92901259384163,18.62343973559458,1,1,0,0,0.01852401227770099,0
164,3,offshore,7,84.21402429969908,11.08799942636422,1,0,1,1,0.05437282329082462,0
164,4,offshore,27,75.45862879480157,18.152855593174184,1,1,1,1,0.11547574310580666,0
164,5,offshore,22,61.48320029484038,21.60328606235831,1,1,0,0,0.02144902019004222,0
165,1,offshore,10,74.4745064522503,9.125296658489232,1,1,0,0,0.019983016148863587,0
165,2,offshore,16,55.38919848944887,13.766391461266995,1,1,0,0,0.034841658660524966,0
165,3,offshore,29,69.80997768152743,20.997032510987236,1,1,1,0,0.06308950513638413,2
165,4,offshore,11,58.56860732112096,17.078883780621233,1,1,0,0,0.023900749868871037,0
165,5,offshore,15,90.30398688787258,4.027674310907603,0,0,0,0,0.014093758254123578,0
166,1,offshore,13,84.1273147215463,15.54433196646595,1,1,0,0,0.010980079378257136,0
166,2,offshore,17,91.74535436747837,23.795900931672776,1,1,0,0,0.006030758735080466,0
166,3,offshore,10,94.02194585882634,4.804485616657827,1,1,0,0,0.012512934797522144,0
166,4,offshore,17,80.14864658434955,2.727539643119721,1,1,0,0,0.025950105273187935,0
166,5,offshore,1,63.64764617294504,9.70199710227225,0,1,0,1,0.061251467469004034,0
167,1,offshore,22,60.465563341557285,15.584701683942594,1,1,0,0,0.030030858745211164,0
167,2,offshore,12,75.80712937509395,6.165851692022889,1,1,1,1,0.15388616892181206,0
167,3,offshore,27,58.77746250063635,24.053644871762444,1,1,0,0,0.023054520050918178,0
167,4,offshore,3,70.47278495788998,12.298839928304975,1,0,0,1,0.023017753489921005,0
167,5,offshore,26,53.419707784212434,17.29091733424588,1,1,0,0,0.03822614248615156,0
168,1,offshore,11,88.23200787421061,12.523238551320956,1,1,0,0,0.010627798579214667,0
168,2,offshore,12,63.412590730766425,11.140945125372516,1,1,0,0,0.027695428047579466,0
168,3,offshore,19,69.39423782812662,5.194881161083791,1,1,1,0,0.11549334357819932,0
168,4,offshore,1,65.68711112492805,18.323210117196545,1,1,0,0,0.01433273215899041,0
168,5,offshore,17,90.27652364840466,17.464581374461385,1,1,0,0,0.008713276374781361,0
169,1,offshore,4,73.09265073487539,12.896578485489133,1,1,0,0,0.015404868240649693,0
169,2,offshore,19,71.83650218662585,14.041740452758338,1,1,0,0,0.02051980833403511,0
169,3,offshore,26,79.39115299813349,4.563596392126826,1,0,0,0,0.019509179617965815,0
169,4,offshore,1,70.70461819509596,5.6427334722864995,1,1,0,0,0.0226680618889853,0
169,5,offshore,29,91.03197171365343,19.607966317261983,1,1,0,0,0.009691390878753097,0
170,1,offshore,4,79.28725777201976,3.7905683270291357,1,1,0,0,0.019553862565712343,1
170,2,offshore,1,93.23216382514178,8.691685543733135,1,0,1,0,0.019688707891355295,0
170,3,offshore,6,87.6479094665446,16.618919700325645,1,0,0,0,0.005360903169374145,0
170,4,offshore,14,81.44751517007148,21.492783844604887,0,1,0,0,0.011733559341374458,0
170,5,offshore,19,72.33452470779704,10.687520667843467,1,1,0,0,0.0238472970772356,0
171,1,offshore,22,81.20218552766849,5.086219651010463,1,1,0,0,0.02456610882384558,1
171,2,offshore,4,87.48021176992532,4.002133836073685,1,1,0,0,0.014524562404554018,0
171,3,offshore,1,58.36701383934731,6.3848602167636646,1,1,0,1,0.06773931829361994,0
171,4,offshore,1,85.41391097215404,2.353164492477558,1,1,0,0,0.015968374466186454,0
171,5,offshore,1,62.33187153669241,21.303166146364802,1,1,0,0,0.013887393246002286,0
172,1,offshore,21,85.50682718909212,9.423414974226194,1,0,0,0,0.011176860101151048,0
172,2,offshore,10,93.26005840376628,12.015273233568372,1,1,0,1,0.018045377777421504,0
172,3,offshore,8,73.88128353935846,7.125578424262803,1,1,0,0,0.02166355669760423,0
172,4,offshore,5,55.102419299865765,18.29479097592916,1,0,0,0,0.015096018819049567,0
172,5,offshore,19,92.8128367617987,15.935599293965243,1,1,0,0,0.00895781224081694,0
173,1,offshore,27,81.74734933705807,17.122702486116783,1,1,0,0,0.014591846705239272,0
173,2,offshore,18,87.10818587604018,15.600401116760288,0,1,0,1,0.02818947601920504,1
173,3,offshore,8,50.53009443289889,24.9381505372853,1,1,0,0,0.020131675032931656,0
173,4,offshore,25,88.14381482791649,19.51767342533983,1,1,1,0,0.03301090920275759,0
173,5,offshore,22,61.03756872384653,11.76178818438239,1,1,0,0,0.03563580762206751,0
174,1,offshore,9,82.82826178579049,9.334903987664191,1,1,0,0,0.014469180680469592,0
174,2,offshore,13,77.14499610460837,8.813947180456275,0,1,1,0,0.08367858213653728,0
174,3,offshore,22,90.22877007909932,24.384386956576737,1,1,0,0,0.006824567563367008,0
174,4,offshore,17,64.38152418169992,15.203389783919821,1,1,0,0,0.024148745761943587,0
174,5,offshore,4,54.95774541141349,18.31089445537184,1,1,0,0,0.022168879183763052,0
175,1,offshore,6,62.48420306604406,16.42724920388998,1,1,0,0,0.019481118442444465,0
175,2,offshore,11,94.38476781020569,13.302521272518112,1,1,1,0,0.027362195707435276,0
175,3,offshore,4,77.67063565551211,12.578166438273492,1,1,0,0,0.013334767326169878,0
175,4,offshore,10,83.22580747045376,4.396508858799043,1,1,1,0,0.06186945338303149,1
175,5,offshore,13,94.85074750706059,19.018965548314906,0,0,0,0,0.005457718464699138,0
176,1,offshore,19,50.71340954181051,3.2076282560991984,1,1,0,0,0.07387722045638687,0
176,2,offshore,6,91.50384989676132,11.221435720880363,1,0,1,0,0.020369704969427447,0
176,3,offshore,8,52.465417156559695,11.117301957232822,1,1,0,0,0.037547266550770585,0
176,4,offshore,2,53.94085533438072,16.212395649647775,1,0,1,0,0.05455479229256347,0
176,5,offshore,26,86.2635967400328,24.753678345094503,0,0,0,0,0.007176741685603,0
177,1,offshore,12,80.96529466428576,4.076513747451082,1,1,0,0,0.021330634488978616,0
177,2,offshore,20,50.65403608696958,2.9427928485365458,1,1,0,1,0.15411889862441203,0
177,3,offshore,19,54.63257651151288,18.256547690406425,1,1,0,0,0.0303497328924448,0
177,4,offshore,19,78.37516554555822,18.990386586898296,1,1,0,1,0.02566440867316045,0
177,5,offshore,7,72.01473119096408,9.206427845793439,1,1,1,0,0.06782414788350509,0
178,1,offshore,3,92.02781023622232,5.881912052759561,1,1,0,0,0.011052827947550877,0
178,2,offshore,5,94.38574653248729,8.565201697054865,1,1,0,0,0.009262685945351012,0
178,3,offshore,25,68.68461905079488,15.76219089687972,1,1,0,0,0.023704954273247213,0
178,4,offshore,11,75.50627472547097,9.506175807697268,1,1,0,0,0.019292701682074306,0
178,5,offshore,29,69.65870164507069,10.417170422385311,1,0,0,0,0.021733225102057028,0
179,1,tanker,3,77.2564658206944,17.604733795860266,0,0,0,0,0.006576760411788629,0
179,2,tanker,15,87.91056437532862,6.483317822008569,1,0,1,0,0.025964225149723127,0
179,3,tanker,28,63.308877557914826,12.89569410119793,0,0,0,0,0.02235745582513426,0
179,4,tanker,16,50.653179253742394,14.796136908636997,0,0,0,0,0.024905462568448392,0
179,5,tanker,18,87.76435788677566,1.7678670434637933,0,0,1,0,0.045042631175845844,0
180,1,offshore,4,67.48845306794775,10.9837505914058,1,1,0,0,0.020624339181728145,0
180,2,offshore,15,67.73376418295143,8.59845843585791,1,1,0,0,0.02870727602833854,0
180,3,offshore,28,90.34269129315476,24.584321169338416,1,1,0,0,0.007587825274516947,0
180,4,offshore,12,52.00975473705044,8.429423236313763,1,1,0,0,0.047273160415451806,0
180,5,offshore,15,52.21848480841265,1.0563393728188757,1,1,0,0,0.07204503013368149,0
181,1,offshore,12,93.73778803669126,1.9012556814410946,1,1,0,0,0.01520873469249765,0
181,2,offshore,20,86.98106566643901,19.46201342179808,1,1,0,0,0.009396312354260543,0
181,3,offshore,6,89.99791302823394,2.1597858125295257,1,1,0,0,0.015177878901076042,1
181,4,offshore,10,91.93607296688552,7.692926230263158,1,0,1,0,0.025928594997093345,0
181,5,offshore,2,89.59683036372681,24.993790534194222,1,1,0,0,0.00453659481345265,0
182,1,offshore,12,51.393677154012956,7.5974957981701055,1,1,0,0,0.0503551948532325,0
182,2,offshore,27,51.61517380350196,22.95658734209823,0,1,0,0,0.04018102337223322,0
182,3,offshore,3,80.97318492922648,6.273346002649525,1,1,0,0,0.015959057020167526,0
182,4,offshore,9,80.90899221807095,22.91919307840081,1,1,0,0,0.007845819933559412,0
182,5,offshore,18,54.70161425392811,18.286430174737493,1,1,0,0,0.029632664146317975,0
183,1,tanker,13,54.155562752544455,17.176176555105066,1,0,0,0,0.014346438953911047,0
183,2,tanker,8,71.29459340979794,15.825446177483062,0,0,0,0,0.00978814736125644,0
183,3,tanker,20,83.53151644225193,6.1256152080686155,1,0,0,0,0.010256087616577918,0
183,4,tanker,25,54.9175750415672,20.065221402228552,1,0,0,0,0.01536940864855671,1
183,5,tanker,18,89.95367073809987,3.454342743930785,0,0,0,0,0.011549702348604066,0
184,1,offshore,19,57.905253408586304,24.046392603809597,1,1,0,0,0.020262092574445716,0
184,2,offshore,28,88.70330835454067,3.943073199472158,1,1,0,0,0.022555655361719676,0
184,3,offshore,16,70.21055362686128,14.695949895538938,1,1,0,0,0.019798148183980128,0
184,4,offshore,2,82.8687319258881,13.789034432721937,1,1,1,1,0.06721510102648884,0
184,5,offshore,4,79.73273268991181,23.81455291791695,1,1,0,0,0.00707368803043543,0
185,1,offshore,6,56.052054792297604,8.684469265697327,1,1,1,0,0.11930818054581613,0
185,2,offshore,12,67.49831734133524,2.1379752673620382,1,1,0,0,0.03765310453695531,0
185,3,offshore,14,55.6448803002734,19.87559282310174,1,1,0,0,0.024444489869630485,0
185,4,offshore,22,73.84252500329316,7.959697423459405,1,1,0,0,0.02753015729418877,0
185,5,offshore,26,87.74995546065985,1.7757583678261675,1,1,0,0,0.02497109408891469,0
186,1,offshore,27,67.83113060673827,24.131623868516332,1,1,0,0,0.016728009237106267,0
186,2,offshore,17,81.89063773303573,3.7465159244043544,1,1,0,0,0.023202433423265636,0
186,3,offshore,27,92.43593193405812,20.08174914834794,1,1,0,0,0.008657363269531065,0
186,4,offshore,2,72.11332685447007,18.32744708316474,0,1,1,0,0.04977020366159512,0
186,5,offshore,1,86.72150760359307,20.26145795563907,1,1,0,0,0.0062303319574172926,0
187,1,offshore,21,52.53806109923557,21.83912843587187,1,1,0,0,0.028416407826674327,0
187,2,offshore,17,92.12565071930607,13.483845352585497,1,1,0,0,0.009965859842330126,0
187,3,offshore,16,84.09807250260322,14.977623156830555,1,0,0,0,0.008048144625405587,0
187,4,offshore,10,79.88333545399254,7.122093338113555,1,1,0,0,0.018278652907975364,0
187,5,offshore,5,90.41557256207955,18.558504172467238,1,1,0,0,0.006457776288098594,0
188,1,offshore,29,58.66617346063376,3.342850252843575,1,1,1,0,0.2252693269928853,0
188,2,offshore,6,50.20270164411299,8.518624267316289,1,1,0,0,0.04446620702862374,0
188,3,offshore,4,52.21186829261197,1.1275400597166891,1,1,0,0,0.05762536790441831,0
188,4,offshore,5,76.58923653384163,22.916943083540136,1,0,0,1,0.01137348587538302,0
188,5,offshore,26,54.652010324088195,5.335904773657825,1,1,0,0,0.06656238837826992,0
189,1,offshore,12,64.39458095004935,15.319789407930164,1,0,0,0,0.014555304175552413,0
189,2,offshore,29,76.50212101531466,13.495728489618678,1,1,0,0,0.021876097862081882,0
189,3,offshore,9,51.131287659034136,18.350336133726486,1,1,0,0,0.02795632313450104,0
189,4,offshore,21,93.62477190541452,17.63702901325283,1,1,0,0,0.008323116896240853,0
189,5,offshore,2,59.349678324787774,1.4867275574699397,1,1,0,0,0.0423589680809424,0
190,1,offshore,19,65.19865985306812,11.042787932210995,1,0,0,0,0.020159240875603213,0
190,2,offshore,23,67.16369047025104,2.8878893995422077,1,1,0,0,0.04572438035131289,0
190,3,offshore,5,52.925035502699984,20.807401658151576,1,1,0,1,0.043164092326969834,0
190,4,offshore,14,55.702073085540746,14.591107449378098,1,1,0,0,0.03177333285536309,0
190,5,offshore,16,74.95201014445269,5.3151475238818096,1,1,0,1,0.053983451599230396,0
191,1,offshore,12,69.6335640724858,24.09527159618264,1,1,0,0,0.01165595206763211,0
191,2,offshore,29,52.325855596000935,4.804867803998165,1,1,0,0,0.07873650854160677,0
191,3,offshore,6,93.55380580234458,21.71130465597146,1,1,0,0,0.005042020240321605,0
191,4,offshore,18,67.46598864510122,5.098246802809255,1,1,0,0,0.03665439488913755,0
191,5,offshore,12,87.33509061192927,14.497081129225652,1,1,0,0,0.010136806939663444,0
192,1,offshore,24,93.165594589572,18.175903649735474,1,1,0,0,0.008742221082898346,0
192,2,offshore,21,64.26504363804368,21.39970223605625,1,1,0,0,0.019268923943557857,0
192,3,offshore,12,67.09819785168887,11.76364547206321,1,1,1,0,0.07834609135450854,0
192,4,offshore,11,84.23171627197527,4.596707173277239,1,0,0,0,0.012180177689437917,0
192,5,offshore,19,81.40873059156262,1.0379061058698849,1,0,1,0,0.06258680060911691,0
193,1,tanker,28,61.10363393003214,11.802286446180624,0,0,0,0,0.02550855201615671,0
193,2,tanker,25,61.70282366189858,15.104563061435652,0,0,0,1,0.040162282050830014,0
193,3,tanker,17,81.26693284422743,11.59713493311593,1,0,1,0,0.02640506592331979,0
193,4,tanker,23,80.85213799451935,19.213332403370718,1,0,0,0,0.0062168529928042894,0
193,5,tanker,19,50.68691778407134,6.28310186074064,0,0,0,0,0.040429433169306125,0
194,1,offshore,1,85.18786776374684,4.735551826278179,1,1,0,0,0.014287746987520684,0
194,2,offshore,5,54.11673310683412,13.333020034677606,1,1,0,0,0.029874898671861314,0
194,3,offshore,27,62.939751774144945,8.994091152123449,0,1,0,0,0.05433450135728284,0
194,4,offshore,16,93.7503369147361,4.680755857977895,1,1,0,0,0.014331439552720546,0
194,5,offshore,18,70.34398296525376,21.57263088608334,1,1,0,0,0.014542629924603234,0
195,1,offshore,13,70.35455649354333,11.18533643374025,1,0,0,0,0.014821502233601952,0
195,2,offshore,21,78.58206449887707,22.82933028249286,1,1,0,0,0.010869019638298085,0
195,3,offshore,4,93.01415194708338,18.618605949541664,1,1,0,0,0.005762259449656469,0
195,4,offshore,16,86.1370486104146,9.96760711295162,1,1,0,0,0.014361890738368552,0
195,5,offshore,14,94.67738714501137,14.512310636119913,1,1,0,0,0.00815336884533412,0
196,1,offshore,25,89.68346603693072,12.646737210644758,1,1,0,1,0.026749000473233867,0
196,2,offshore,22,57.86188664219535,5.767615664347339,1,1,0,1,0.1082245746722446,0
196,3,offshore,28,62.14881365849579,19.442105706813813,1,1,1,0,0.08739530088463957,0
196,4,offshore,5,74.20637868481595,8.432366999510833,1,1,0,0,0.01889530871350219,0
196,5,offshore,1,65.6496543921997,13.49249280739635,1,1,0,0,0.018272418459386784,0
197,1,offshore,22,80.93591618223776,6.9968191661903045,1,1,0,0,0.022536974110811275,0
197,2,offshore,14,92.76708881669418,23.99986447555328,1,1,0,0,0.005424436085336332,0
197,3,offshore,19,78.63929346887821,21.0186779983918,1,1,0,0,0.011409497329577951,0
197,4,offshore,29,51.56596399407576,10.821989770849534,1,1,0,0,0.05985033627672987,0
197,5,offshore,27,67.03890725318423,11.035136391302348,1,1,0,0,0.03310342348404228,0
198,1,offshore,26,59.61815095918598,5.726887125009313,1,1,0,0,0.05485951469142427,0
198,2,offshore,23,67.7660345808329,23.879782357291322,0,1,0,1,0.040526454191420036,1
198,3,offshore,29,57.986682574595534,7.053355221534852,1,1,0,1,0.11622798239708991,0
198,4,offshore,16,72.48675530005949,15.254574902641727,1,1,0,0,0.017778504200625097,0
198,5,offshore,17,65.16148608845356,15.051662519560853,1,1,0,0,0.02367737947686185,0
199,1,offshore,12,50.535402451032006,8.035742614079243,1,1,0,0,0.05076611286927165,0
199,2,offshore,9,87.27701655207409,8.751489600731393,1,1,0,0,0.012749412850756184,0
199,3,offshore,8,78.6966282968868,13.145994297772262,1,1,0,0,0.013545759870964189,0
199,4,offshore,28,89.75073654599467,12.897208241878612,1,1,0,0,0.013896250947900831,0
199,5,offshore,25,79.95719458657132,6.129766289466927,1,1,0,0,0.02586175286662776,0
200,1,offshore,9,94.19348203860338,10.386213859557293,1,1,0,0,0.00922274499126072,0
200,2,offshore,2,83.03330889526451,1.7386042782198423,1,1,0,0,0.01825902089894002,0
200,3,offshore,22,84.9783009127583,20.970273665994757,1,1,0,0,0.009727929360501668,0
200,4,offshore,21,86.27052697198181,7.076979559416578,1,0,0,0,0.012236678268883713,0
200,5,offshore,15,61.4624225205897,7.3179081959330645,1,1,0,0,0.038117560481120256,0
